Workbook

Sheet Sheet1
A1: PartNumber | B1: partdesc | C1: AttributeID | D1: AttributeDesc | E1: Value
A2: N1WB E23942 BF1G1E | B2: P703 DOOR FRT DBL RH | C2: 33 | D2: VERTICAL INSERT | E2: ASYE23942FEBONY
A3: N1WB E23942 BF1G1E | B3: P703 DOOR FRT DBL RH | C3: 34 | D3: TOP ROLL | E3: ASY23900ASE
A4: N1WB E23942 BF1G1E | B4: P703 DOOR FRT DBL RH | C4: 35 | D4: APPLIQUE | E4: PCPE237W28APIA91
A5: N1WB E23942 BF1G1E | B5: P703 DOOR FRT DBL RH | C5: 36 | D5: AMBIENT LIGHT | E5: PCP14E072AD00P703
A6: N1WB E23942 BF1G1E | B6: P703 DOOR FRT DBL RH | C6: 37 | D6: IP EXTENSIION | E6: PCPE23942APIA20JA6
A7: N1WB E23942 BF1G1E | B7: P703 DOOR FRT DBL RH | C7: 38 | D7: LOCK SWITCH | E7: PCP14017E
A8: N1WB E23942 BF1G1E | B8: P703 DOOR FRT DBL RH | C8: 39 | D8: ARM REST | E8: PCPE23942AR02
A9: N1WB E23942 BF3LU4 | B9: P703 DOOR FRT DBL RH | C9: 33 | D9: VERTICAL INSERT | E9: ASYE23864APIA9103
A10: N1WB E23942 BF3LU4 | B10: P703 DOOR FRT DBL RH | C10: 34 | D10: TOP ROLL | E10: ASY23900ASE
A11: N1WB E23942 BF3LU4 | B11: P703 DOOR FRT DBL RH | C11: 35 | D11: APPLIQUE | E11: PCPE237W28APIA91
A12: N1WB E23942 BF3LU4 | B12: P703 DOOR FRT DBL RH | C12: 36 | D12: AMBIENT LIGHT | E12: PCP14E072AD00P703
A13: N1WB E23942 BF3LU4 | B13: P703 DOOR FRT DBL RH | C13: 37 | D13: IP EXTENSIION | E13: PCPE23942APIA20JA6
... A446: T1WB E27407 DB1HHY | B446: P703 DOOR REAR DBL LH | C446: 39 | D446: ARM REST | E446: PCPE27407AR08.H

Sheet Sheet6
A1: AttributeID | B1: AttributeDesc | C1: Value | D1: Inventory Lookup
A2: 33 | B2: VERTICAL INSERT | C2: ASYE23864APIA9102 | D2: #N/A
A3: 33 | B3: VERTICAL INSERT | C3: ASYE23864APIA9103 | D3: #N/A
A4: 33 | B4: VERTICAL INSERT | C4: ASYE23865APIA91 | D4: #N/A
A5: 33 | B5: VERTICAL INSERT | C5: ASYE23865APIA9102 | D5: #N/A
A6: 33 | B6: VERTICAL INSERT | C6: ASYE23865APIA9103 | D6: #N/A
A7: 33 | B7: VERTICAL INSERT | C7: ASYE23942FEBONY | D7: #N/A
A8: 33 | B8: VERTICAL INSERT | C8: ASYE27406BEBONY | D8: #N/A
A9: 33 | B9: VERTICAL INSERT | C9: ASYE27406SANDSTONE | D9: #N/A
A10: 33 | B10: VERTICAL INSERT | C10: ASYE27406SUPERMATTE | D10: #N/A
A11: 33 | B11: VERTICAL INSERT | C11: ASYE27407BEBONY | D11: #N/A
A12: 33 | B12: VERTICAL INSERT | C12: ASYE27407SANDSTONE | D12: #N/A
A13: 33 | B13: VERTICAL INSERT | C13: ASYE27407SUPERMATTE | D13: #N/A
A14: 33 | B14: VERTICAL INSERT | C14: ASYE7407SANDSTONE | D14: #N/A
A15: 33 | B15: VERTICAL INSERT | C15: PCPE23942IN01.H | D15: INSERT RH EBONY SOHO
A16: 33 | B16: VERTICAL INSERT | C16: PCPE23942IN02.H | D16: INSERT RH SAND SOHO
A17: 33 | B17: VERTICAL INSERT | C17: PCPE23942IN03.H | D17: INSERT RH EBONY SUPER SMOOTH
A18: 33 | B18: VERTICAL INSERT | C18: PCPE23943IN01.H | D18: P703 INSERT LH ENONY SOHO
A19: 33 | B19: VERTICAL INSERT | C19: PCPE23943IN02.H | D19: INSERT LH SAND SOHO
A20: 33 | B20: VERTICAL INSERT | C20: PCPE23943IN03.H | D20: INSERT LH EBONY SUPER SMOOTH
A21: 33 | B21: VERTICAL INSERT | C21: PCPE27406IN01.H | D21: P703 INSERT RH EBONY SOHO
A22: 33 | B22: VERTICAL INSERT | C22: PCPE27406IN02.H | D22: P703 INSERT RH SAND STONE
A23: 33 | B23: VERTICAL INSERT | C23: PCPE27406IN03.H | D23: P703 INSERT RH EBONY S.SMOOTH
A24: 33 | B24: VERTICAL INSERT | C24: PCPE27407IN01.H | D24: P703 INSERT LH EBONY SOHO
A25: 33 | B25: VERTICAL INSERT | C25: PCPE27407IN02.H | D25: P703 INSERT LH SAND SOHO
A26: 33 | B26: VERTICAL INSERT | C26: PCPE27407IN03.H | D26: P703 INSERT LH EBONY S.SMOOTH
A27: 34 | B27: TOP ROLL | C27: ASY23900ASE | D27: #N/A
A28: 34 | B28: TOP ROLL | C28: ASYE23900ABP | D28: P703 BLACK PACK VERSION.
A29: 34 | B29: TOP ROLL | C29: ASYE23900AMIC | D29: P703 Hard Top Roll W REINF
A30: 34 | B30: TOP ROLL | C30: ASYE23900ASE | D30: P703 Soho Ebony W/ Urban Gray
A31: 34 | B31: TOP ROLL | C31: ASYE23900ATS | D31: P703 Terra Suede Ebony W/ BLK
A32: 34 | B32: TOP ROLL | C32: ASYE23900HARDTOP | D32: #N/A
A33: 34 | B33: TOP ROLL | C33: ASYE23901ABP | D33: P703 BLACK PACK VERSION
A34: 34 | B34: TOP ROLL | C34: ASYE23901AMIC | D34: P703 Hard Top Roll W REINF
A35: 34 | B35: TOP ROLL | C35: ASYE23901ASE | D35: P703 Soho Ebony W/ Urban Gray
A36: 34 | B36: TOP ROLL | C36: ASYE23901ATS | D36: P703 Terra Suede Ebony W/ BLK
A37: 34 | B37: TOP ROLL | C37: ASYE23901HARDTOP | D37: #N/A
A38: 35 | B38: APPLIQUE | C38: PCPE237W28APIA70 | D38: P703 FRONT APPLIQUE RH
A39: 35 | B39: APPLIQUE | C39: PCPE237W28APIA71 | D39: P703 RH MAGNALIUM 3659APPLIQUE
A40: 35 | B40: APPLIQUE | C40: PCPE237W28APIA91 | D40: P703 FRONT APPLIQUE RH
A41: 35 | B41: APPLIQUE | C41: PCPE237W29APIA70 | D41: P703 FRONT APPLIQUE LH
A42: 35 | B42: APPLIQUE | C42: PCPE237W29APIA71 | D42: P703 LH MAGNALIUM 3659APPLIQUE
A43: 35 | B43: APPLIQUE | C43: PCPE237W29APIA91 | D43: P703 FRONT APPLIQUE LH
A44: 35 | B44: APPLIQUE | C44: PCPE23942AA1HD5 | D44: #N/A
A45: 35 | B45: APPLIQUE | C45: PCPE23943AA1HD5 | D45: #N/A
A46: 36 | B46: AMBIENT LIGHT | C46: N1WB14E072A | D46: #N/A
A47: 36 | B47: AMBIENT LIGHT | C47: N1WB14E072E | D47: #N/A
A48: 36 | B48: AMBIENT LIGHT | C48: N1WB14E073A | D48: #N/A
A49: 36 | B49: AMBIENT LIGHT | C49: N1WB14E073E | D49: #N/A
A50: 36 | B50: AMBIENT LIGHT | C50: PCP14E072AD00P703 | D50: #N/A
A51: 36 | B51: AMBIENT LIGHT | C51: PCP14E072EC00P703 | D51: #N/A
A52: 36 | B52: AMBIENT LIGHT | C52: PCP14E073AD00P703 | D52: #N/A
A53: 36 | B53: AMBIENT LIGHT | C53: PCP14E073EC00P703 | D53: #N/A
A54: 37 | B54: IP EXTENSIION | C54: MLDE23942APIA32 | D54: P703 RH FRONT IP EXT MIC
A55: 37 | B55: IP EXTENSIION | C55: MLDE23943APIA50 | D55: P703 LH FRONT IP EXT MIC W/MEM
A56: 37 | B56: IP EXTENSIION | C56: PCPE23942APIA201MY | D56: P703 I/P EXTENSION 1MY RH
A57: 37 | B57: IP EXTENSIION | C57: PCPE23942APIA20JA6 | D57: P703 I/P EXTENSION JA6 RH
A58: 37 | B58: IP EXTENSIION | C58: PCPE23942APIA30 | D58: #N/A
A59: 37 | B59: IP EXTENSIION | C59: PCPE23943APIA201MY | D59: #N/A
A60: 37 | B60: IP EXTENSIION | C60: PCPE23943APIA20JA6 | D60: #N/A
A61: 37 | B61: IP EXTENSIION | C61: PCPE23943APIA30 | D61: #N/A
A62: 38 | B62: LOCK SWITCH | C62: PCP14017E | D62: FRONT DOOR LOCK SWITCH RH
A63: 38 | B63: LOCK SWITCH | C63: PCP14017F | D63: FRONT DOOR LOCK SWITCH LH
A64: 38 | B64: LOCK SWITCH | C64: PCP14776C | D64: FRONT DR LOCK SWITCH W/MEMORY
A65: 39 | B65: ARM REST | C65: PCPE23942AR01 | D65: #N/A
A66: 39 | B66: ARM REST | C66: PCPE23942AR01.H | D66: #N/A
A67: 39 | B67: ARM REST | C67: PCPE23942AR02 | D67: #N/A
A68: 39 | B68: ARM REST | C68: PCPE23942AR02.H | D68: #N/A
A69: 39 | B69: ARM REST | C69: PCPE23942AR03 | D69: #N/A
A70: 39 | B70: ARM REST | C70: PCPE23942AR03.H | D70: #N/A
A71: 39 | B71: ARM REST | C71: PCPE23942AR04 | D71: #N/A
A72: 39 | B72: ARM REST | C72: PCPE23942AR04.H | D72: #N/A
A73: 39 | B73: ARM REST | C73: PCPE23942AR05.H | D73: #N/A
A74: 39 | B74: ARM REST | C74: PCPE23942AR06.H | D74: P703 FRT DR RH SPACE GREY W/S
A75: 39 | B75: ARM REST | C75: PCPE23942AR07.H | D75: P703 FRT DR RH DARK SPACE GREY
A76: 39 | B76: ARM REST | C76: PCPE23942AR08.H | D76: P703 FRT DR RH ELECTRIC SPICE
A77: 39 | B77: ARM REST | C77: PCPE23943AR01 | D77: #N/A
A78: 39 | B78: ARM REST | C78: PCPE23943AR01.H | D78: #N/A
A79: 39 | B79: ARM REST | C79: PCPE23943AR02 | D79: #N/A
A80: 39 | B80: ARM REST | C80: PCPE23943AR02.H | D80: P703 FRT DR LH W/STITCH
A81: 39 | B81: ARM REST | C81: PCPE23943AR03 | D81: #N/A
A82: 39 | B82: ARM REST | C82: PCPE23943AR03.H | D82: #N/A
A83: 39 | B83: ARM REST | C83: PCPE23943AR04 | D83: #N/A
A84: 39 | B84: ARM REST | C84: PCPE23943AR04.H | D84: #N/A
A85: 39 | B85: ARM REST | C85: PCPE23943AR05.H | D85: #N/A
A86: 39 | B86: ARM REST | C86: PCPE23943AR06.H | D86: P703 FRT DR LH SPACE GREY W/S
A87: 39 | B87: ARM REST | C87: PCPE23943AR07.H | D87: P703 FRT DR LH DARK SPACE GREY
A88: 39 | B88: ARM REST | C88: PCPE23943AR08.H | D88: P703 FRT DR LH ELECTRIC SPICE
A89: 39 | B89: ARM REST | C89: PCPE27406AR01 | D89: #N/A
A90: 39 | B90: ARM REST | C90: PCPE27406AR01.H | D90: #N/A
A91: 39 | B91: ARM REST | C91: PCPE27406AR02 | D91: #N/A
A92: 39 | B92: ARM REST | C92: PCPE27406AR02.H | D92: #N/A
A93: 39 | B93: ARM REST | C93: PCPE27406AR03 | D93: #N/A
A94: 39 | B94: ARM REST | C94: PCPE27406AR03.H | D94: #N/A
A95: 39 | B95: ARM REST | C95: PCPE27406AR04 | D95: #N/A
A96: 39 | B96: ARM REST | C96: PCPE27406AR04.H | D96: #N/A
A97: 39 | B97: ARM REST | C97: PCPE27406AR05.H | D97: #N/A
A98: 39 | B98: ARM REST | C98: PCPE27406AR06.H | D98: P703 RR DR RH SPACE GREY W/S
A99: 39 | B99: ARM REST | C99: PCPE27406AR07.H | D99: P703 RR DR RH DARK SPACE GREY
A100: 39 | B100: ARM REST | C100: PCPE27406AR08.H | D100: P703 RR DR RH ELECTRIC SPICE
...

Sheet Rack Guide
A1: 1:{p:"PCPE23942IN01.H-RH",d:"desc"}, | B1: =MID(A1,FIND("""",A1,1)+1,15) -> PCPE23942IN01.H | C1: PCPE23942IN01.H | D1: 1 | E1: =VLOOKUP(B1,Sheet4!$A$3:$X$2306,4,FALSE) -> INSERT RH EBONY SOHO
A2: 2:{p:"PCPE27406IN01.H-RH",d:"desc"}, | B2: =MID(A2,FIND("""",A2,1)+1,15) -> PCPE27406IN01.H | C2: PCPE27406IN01.H | D2: 2 | E2: =VLOOKUP(B2,Sheet4!$A$3:$X$2306,4,FALSE) -> P703 INSERT RH EBONY SOHO
A3: 3:{p:"PCPE23942IN02.H-RH",d:"desc"}, | B3: =MID(A3,FIND("""",A3,1)+1,15) -> PCPE23942IN02.H | C3: PCPE23942IN02.H | D3: 3 | E3: =VLOOKUP(B3,Sheet4!$A$3:$X$2306,4,FALSE) -> INSERT RH SAND SOHO
A4: 4:{p:"PCPE23942IN03.H-RH",d:"desc"}, | B4: =MID(A4,FIND("""",A4,1)+1,15) -> PCPE23942IN03.H | C4: PCPE23942IN03.H | D4: 4 | E4: =VLOOKUP(B4,Sheet4!$A$3:$X$2306,4,FALSE) -> INSERT RH EBONY SUPER SMOOTH | G4: N1WB E27406 RK3LU4 | H4: P703 DOOR REAR DBL RH | I4: 39 | J4: ARM REST | K4: PCPE27406AR03 | L4: =VLOOKUP(K4,'Rack Guide'!$C$1:$E$39,2,FALSE) -> #N/A | M4: =VLOOKUP(K4,Sheet4!$A$3:$X$2306,4,FALSE) -> #N/A
A5: 5:{p:"PCPE27406IN02.H-RH",d:"desc"}, | B5: =MID(A5,FIND("""",A5,1)+1,15) -> PCPE27406IN02.H | C5: PCPE27406IN02.H | D5: 5 | E5: =VLOOKUP(B5,Sheet4!$A$3:$X$2306,4,FALSE) -> P703 INSERT RH SAND STONE | G5: N1WB E27406 RK3LU4 | H5: P703 DOOR REAR DBL RH | I5: 33 | J5: VERTICAL INSERT | K5: ASYE27406SANDSTONE | L5: =VLOOKUP(K5,'Rack Guide'!$C$1:$E$39,2,FALSE) -> #N/A | M5: =VLOOKUP(K5,Sheet4!$A$3:$X$2306,4,FALSE) -> #N/A
A6: 6:{p:"PCPE27406IN03.H-RH",d:"desc"}, | B6: =MID(A6,FIND("""",A6,1)+1,15) -> PCPE27406IN03.H | C6: PCPE27406IN03.H | D6: 6 | E6: =VLOOKUP(B6,Sheet4!$A$3:$X$2306,4,FALSE) -> P703 INSERT RH EBONY S.SMOOTH
A7: 7:{p:"",d:""}, | B7: =MID(A7,FIND("""",A7,1)+1,18) -> ",d:""}, | C7: ",d:""}, | D7: 7 | E7: =VLOOKUP(B7,Sheet4!$A$3:$X$2306,4,FALSE) -> #N/A | G7: N1WB E23942 BF1G1E | H7: P703 DOOR FRT DBL RH | I7: 33 | J7: VERTICAL INSERT | K7: ASYE23942FEBONY | L7: =VLOOKUP(K7,'Rack Guide'!$C$1:$E$39,2,FALSE) -> #N/A | M7: =VLOOKUP(K7,Sheet4!$A$3:$X$2306,4,FALSE) -> #N/A
A8: 8:{p:"",d:""}, | B8: =MID(A8,FIND("""",A8,1)+1,18) -> ",d:""}, | C8: ",d:""}, | D8: 8 | E8: =VLOOKUP(B8,Sheet4!$A$3:$X$2306,4,FALSE) -> #N/A | G8: N1WB E23942 BF1G1E | H8: P703 DOOR FRT DBL RH | I8: 34 | J8: TOP ROLL | K8: ASY23900ASE | L8: =VLOOKUP(K8,'Rack Guide'!$C$1:$E$39,2,FALSE) -> #N/A | M8: =VLOOKUP(K8,Sheet4!$A$3:$X$2306,4,FALSE) -> #N/A
A9: 9:{p:"PCPE27406AR01.H-RH",d:"desc"}, | B9: =MID(A9,FIND("""",A9,1)+1,15)&"A" -> PCPE27406AR01.HA | C9: PCPE27406AR01.H | D9: 9 | E9: =VLOOKUP(B9,Sheet4!$A$3:$X$2306,4,FALSE) -> P703 RR DR RH EBONY NO/STITCH | G9: N1WB E23942 BF1G1E | H9: P703 DOOR FRT DBL RH | I9: 35 | J9: APPLIQUE | K9: PCPE237W28APIA91 | L9: =VLOOKUP(K9,'Rack Guide'!$C$1:$E$39,2,FALSE) -> 18 | M9: =VLOOKUP(K9,Sheet4!$A$3:$X$2306,4,FALSE) -> P703 FRONT APPLIQUE RH
A10: 10:{p:"PCPE27406AR02.H-RH",d:"desc"}, | B10: =MID(A10,FIND("""",A10,1)+1,15)&"A" -> PCPE27406AR02.HA | C10: PCPE27406AR02.H | D10: 10 | E10: =VLOOKUP(B10,Sheet4!$A$3:$X$2306,4,FALSE) -> P703 RR DR RH EBONY W/STITCH | G10: N1WB E23942 BF1G1E | H10: P703 DOOR FRT DBL RH | I10: 36 | J10: AMBIENT LIGHT | K10: PCP14E072AD00P703 | L10: =VLOOKUP(K10,'Rack Guide'!$C$1:$E$39,2,FALSE) -> #N/A | M10: =VLOOKUP(K10,Sheet4!$A$3:$X$2306,4,FALSE) -> #N/A
A11: 11:{p:"PCPE27406AR05.H-RH",d:"desc"}, | B11: =MID(A11,FIND("""",A11,1)+1,15)&"A" -> PCPE27406AR05.HA | C11: PCPE27406AR05.H | D11: 11 | E11: =VLOOKUP(B11,Sheet4!$A$3:$X$2306,4,FALSE) -> P703 REAR DR RH BLACK PACK | G11: N1WB E23942 BF1G1E | H11: P703 DOOR FRT DBL RH | I11: 37 | J11: IP EXTENSIION | K11: PCPE23942APIA20JA6 | L11: =VLOOKUP(K11,'Rack Guide'!$C$1:$E$39,2,FALSE) -> 24 | M11: =VLOOKUP(K11,Sheet4!$A$3:$X$2306,4,FALSE) -> P703 I/P EXTENSION JA6 RH
A12: 12:{p:"PCPE27406AR04.H-RH",d:"desc"}, | B12: =MID(A12,FIND("""",A12,1)+1,15)&"A" -> PCPE27406AR04.HA | C12: PCPE27406AR04.H | D12: 12 | E12: =VLOOKUP(B12,Sheet4!$A$3:$X$2306,4,FALSE) -> P703 RR DR RH S.SMOOTH | G12: N1WB E23942 BF1G1E | H12: P703 DOOR FRT DBL RH | I12: 38 | J12: LOCK SWITCH | K12: PCP14017E | L12: =VLOOKUP(K12,'Rack Guide'!$C$1:$E$39,2,FALSE) -> #N/A | M12: =VLOOKUP(K12,Sheet4!$A$3:$X$2306,4,FALSE) -> FRONT DOOR LOCK SWITCH RH
A13: 13:{p:"PCP14E072AE-RH",d:"desc"}, | B13: =MID(A13,FIND("""",A13,1)+1,10)&"F" -> PCP14E072AF | C13: PCP14E072AF | D13: 13 | E13: =VLOOKUP(B13,Sheet4!$A$3:$X$2306,4,FALSE) -> P703 AMBIENT LIGHT RH BLUE | G13: N1WB E23942 BF1G1E | H13: P703 DOOR FRT DBL RH | I13: 39 | J13: ARM REST | K13: PCPE23942AR02 | L13: =VLOOKUP(K13,'Rack Guide'!$C$1:$E$39,2,FALSE) -> #N/A | M13: =VLOOKUP(K13,Sheet4!$A$3:$X$2306,4,FALSE) -> #N/A
A14: 14:{p:"",d:""}, | B14: =MID(A14,FIND("""",A14,1)+1,18) -> ",d:""}, | C14: ",d:""}, | D14: 14 | E14: =VLOOKUP(B14,Sheet4!$A$3:$X$2306,4,FALSE) -> #N/A
A15: 15:{p:"PCP14E072AE-RH",d:"desc"}, | B15: =MID(A15,FIND("""",A15,1)+1,10)&"F" -> PCP14E072AF | C15: PCP14E072AF | D15: 15 | E15: =VLOOKUP(B15,Sheet4!$A$3:$X$2306,4,FALSE) -> P703 AMBIENT LIGHT RH BLUE | G15: N1WB E27406 SJ1G1C | H15: P703 DOOR REAR DBL RH | I15: 33 | J15: VERTICAL INSERT | K15: ASYE27406SUPERMATTE | L15: =VLOOKUP(K15,'Rack Guide'!$C$1:$E$39,2,FALSE) -> #N/A | M15: =VLOOKUP(K15,Sheet4!$A$3:$X$2306,4,FALSE) -> #N/A
A16: 16:{p:"PCP14E072EF-RH",d:"desc"}, | B16: =MID(A16,FIND("""",A16,1)+1,11) -> PCP14E072EF | C16: PCP14E072EF | D16: 16 | E16: =VLOOKUP(B16,Sheet4!$A$3:$X$2306,4,FALSE) -> P703 AMBIENT LIGHT RH ORANGE | G16: N1WB E27406 SJ1G1C | H16: P703 DOOR REAR DBL RH | I16: 39 | J16: ARM REST | K16: PCPE27406AR04 | L16: =VLOOKUP(K16,'Rack Guide'!$C$1:$E$39,2,FALSE) -> #N/A | M16: =VLOOKUP(K16,Sheet4!$A$3:$X$2306,4,FALSE) -> #N/A
A17: 17:{p:"PCPE237W28APIA70",d:"desc"}, | B17: =MID(A17,FIND("""",A17,1)+1,16) -> PCPE237W28APIA70 | C17: PCPE237W28APIA70 | D17: 17 | E17: =VLOOKUP(B17,Sheet4!$A$3:$X$2306,4,FALSE) -> P703 FRONT APPLIQUE RH
A18: 18:{p:"PCPE237W28APIA91",d:"desc"}, | B18: =MID(A18,FIND("""",A18,1)+1,16) -> PCPE237W28APIA91 | C18: PCPE237W28APIA91 | D18: 18 | E18: =VLOOKUP(B18,Sheet4!$A$3:$X$2306,4,FALSE) -> P703 FRONT APPLIQUE RH | G18: N1WB E23942 BJ1G1C | H18: P703 DOOR FRT DBL RH | I18: 33 | J18: VERTICAL INSERT | K18: PCPE23942IN01.H | L18: =VLOOKUP(K18,'Rack Guide'!$C$1:$E$39,2,FALSE) -> 1 | M18: =VLOOKUP(K18,Sheet4!$A$3:$X$2306,4,FALSE) -> INSERT RH EBONY SOHO
A19: 19:{p:"",d:""}, | B19: =MID(A19,FIND("""",A19,1)+1,18) -> ",d:""}, | C19: ",d:""}, | D19: 19 | E19: =VLOOKUP(B19,Sheet4!$A$3:$X$2306,4,FALSE) -> #N/A | G19: N1WB E23942 BJ1G1C | H19: P703 DOOR FRT DBL RH | I19: 34 | J19: TOP ROLL | K19: ASYE23900ABP | L19: =VLOOKUP(K19,'Rack Guide'!$C$1:$E$39,2,FALSE) -> #N/A | M19: =VLOOKUP(K19,Sheet4!$A$3:$X$2306,4,FALSE) -> P703 BLACK PACK VERSION.
A20: 20:{p:"PCPE23942APIA30A",d:"desc"}, | B20: =MID(A20,FIND("""",A20,1)+1,16) -> PCPE23942APIA30A | C20: PCPE23942APIA30A | D20: 20 | E20: =VLOOKUP(B20,Sheet4!$A$3:$X$2306,4,FALSE) -> FRT RH I/P EXTENSION MIC | G20: N1WB E23942 BJ1G1C | H20: P703 DOOR FRT DBL RH | I20: 35 | J20: APPLIQUE | K20: PCPE237W28APIA91 | L20: =VLOOKUP(K20,'Rack Guide'!$C$1:$E$39,2,FALSE) -> 18 | M20: =VLOOKUP(K20,Sheet4!$A$3:$X$2306,4,FALSE) -> P703 FRONT APPLIQUE RH
A21: 21:{p:"",d:""}, | B21: =MID(A21,FIND("""",A21,1)+1,18) -> ",d:""}, | C21: ",d:""}, | D21: 21 | E21: =VLOOKUP(B21,Sheet4!$A$3:$X$2306,4,FALSE) -> #N/A | G21: N1WB E23942 BJ1G1C | H21: P703 DOOR FRT DBL RH | I21: 36 | J21: AMBIENT LIGHT | K21: N1WB14E072A | L21: =VLOOKUP(K21,'Rack Guide'!$C$1:$E$39,2,FALSE) -> #N/A | M21: =VLOOKUP(K21,Sheet4!$A$3:$X$2306,4,FALSE) -> #N/A
A22: 22:{p:"PCPE23942APIA201MY-RH",d:"desc"}, | B22: =MID(A22,FIND("""",A22,1)+1,18) -> PCPE23942APIA201MY | C22: PCPE23942APIA201MY | D22: 22 | E22: =VLOOKUP(B22,Sheet4!$A$3:$X$2306,4,FALSE) -> P703 I/P EXTENSION 1MY RH | G22: N1WB E23942 BJ1G1C | H22: P703 DOOR FRT DBL RH | I22: 37 | J22: IP EXTENSIION | K22: PCPE23942APIA20JA6 | L22: =VLOOKUP(K22,'Rack Guide'!$C$1:$E$39,2,FALSE) -> 24 | M22: =VLOOKUP(K22,Sheet4!$A$3:$X$2306,4,FALSE) -> P703 I/P EXTENSION JA6 RH
A23: 23:{p:"",d:""}, | B23: =MID(A23,FIND("""",A23,1)+1,18) -> ",d:""}, | C23: ",d:""}, | D23: 23 | E23: =VLOOKUP(B23,Sheet4!$A$3:$X$2306,4,FALSE) -> #N/A | G23: N1WB E23942 BJ1G1C | H23: P703 DOOR FRT DBL RH | I23: 38 | J23: LOCK SWITCH | K23: PCP14017E | L23: =VLOOKUP(K23,'Rack Guide'!$C$1:$E$39,2,FALSE) -> #N/A | M23: =VLOOKUP(K23,Sheet4!$A$3:$X$2306,4,FALSE) -> FRONT DOOR LOCK SWITCH RH
A24: 24:{p:"PCPE23942APIA20JA6-RH",d:"desc"}, | B24: =MID(A24,FIND("""",A24,1)+1,18) -> PCPE23942APIA20JA6 | C24: PCPE23942APIA20JA6 | D24: 24 | E24: =VLOOKUP(B24,Sheet4!$A$3:$X$2306,4,FALSE) -> P703 I/P EXTENSION JA6 RH | G24: N1WB E23942 BJ1G1C | H24: P703 DOOR FRT DBL RH | I24: 39 | J24: ARM REST | K24: PCPE23942AR05.H | L24: =VLOOKUP(K24,'Rack Guide'!$C$1:$E$39,2,FALSE) -> 31 | M24: =VLOOKUP(K24,Sheet4!$A$3:$X$2306,4,FALSE) -> #N/A
A25: 25:{p:"",d:""}, | B25: =MID(A25,FIND("""",A25,1)+1,18) -> ",d:""}, | C25: ",d:""}, | D25: 25 | E25: =VLOOKUP(B25,Sheet4!$A$3:$X$2306,4,FALSE) -> #N/A
A26: 26:{p:"",d:""}, | B26: =MID(A26,FIND("""",A26,1)+1,18) -> ",d:""}, | C26: ",d:""}, | D26: 26 | E26: =VLOOKUP(B26,Sheet4!$A$3:$X$2306,4,FALSE) -> #N/A | G26: N1WB E27406 RN3LU4 | H26: P703 DOOR REAR DBL RH | I26: 39 | J26: ARM REST | K26: PCPE27406AR03.H | L26: =VLOOKUP(K26,'Rack Guide'!$C$1:$E$39,2,FALSE) -> #N/A | M26: =VLOOKUP(K26,Sheet4!$A$3:$X$2306,4,FALSE) -> #N/A
A27: 27:{p:"",d:""}, | B27: =MID(A27,FIND("""",A27,1)+1,18) -> ",d:""}, | C27: ",d:""}, | D27: 27 | E27: =VLOOKUP(B27,Sheet4!$A$3:$X$2306,4,FALSE) -> #N/A
A28: 28:{p:"PCPE23942AR01.H-RH",d:"desc"}, | B28: =MID(A28,FIND("""",A28,1)+1,15)&"A" -> PCPE23942AR01.HA | C28: PCPE23942AR01.H | D28: 28 | E28: =VLOOKUP(B28,Sheet4!$A$3:$X$2306,4,FALSE) -> P703 FRT DR RH EBONY NO-STICH | G28: N1WB E23942 HF3ZHE | H28: P703 DOOR FRT DBL RH | I28: 34 | J28: TOP ROLL | K28: ASYE23900AMIC | L28: =VLOOKUP(K28,'Rack Guide'!$C$1:$E$39,2,FALSE) -> 38 | M28: =VLOOKUP(K28,Sheet4!$A$3:$X$2306,4,FALSE) -> P703 Hard Top Roll W REINF
A29: 29:{p:"PCPE23942AR02.H-RH",d:"desc"}, | B29: =MID(A29,FIND("""",A29,1)+1,15)&"A" -> PCPE23942AR02.HA | C29: PCPE23942AR02.H | D29: 29 | E29: =VLOOKUP(B29,Sheet4!$A$3:$X$2306,4,FALSE) -> P703 FRT DR RH EBONY W/STITCH | G29: N1WB E23942 HF3ZHE | H29: P703 DOOR FRT DBL RH | I29: 37 | J29: IP EXTENSIION | K29: PCPE23942APIA30 | L29: =VLOOKUP(K29,'Rack Guide'!$C$1:$E$39,2,FALSE) -> #N/A | M29: =VLOOKUP(K29,Sheet4!$A$3:$X$2306,4,FALSE) -> #N/A
A30: 30:{p:"PCPE23942AR04.H-RH",d:"desc"}, | B30: =MID(A30,FIND("""",A30,1)+1,15)&"A" -> PCPE23942AR04.HA | C30: PCPE23942AR04.H | D30: 30 | E30: =VLOOKUP(B30,Sheet4!$A$3:$X$2306,4,FALSE) -> P703 FRT DR RH S.SMOOTH | G30: N1WB E23942 HF3ZHE | H30: P703 DOOR FRT DBL RH | I30: 38 | J30: LOCK SWITCH | K30: PCP14017E | L30: =VLOOKUP(K30,'Rack Guide'!$C$1:$E$39,2,FALSE) -> #N/A | M30: =VLOOKUP(K30,Sheet4!$A$3:$X$2306,4,FALSE) -> FRONT DOOR LOCK SWITCH RH
A31: 31:{p:"PCPE23942AR05.H-RH",d:"desc"}, | B31: =MID(A31,FIND("""",A31,1)+1,15)&"A" -> PCPE23942AR05.HA | C31: PCPE23942AR05.H | D31: 31 | E31: =VLOOKUP(B31,Sheet4!$A$3:$X$2306,4,FALSE) -> P703 FRT DR RH BLACK PACK | G31: N1WB E23942 HF3ZHE | H31: P703 DOOR FRT DBL RH | I31: 39 | J31: ARM REST | K31: PCPE23942AR01.H | L31: =VLOOKUP(K31,'Rack Guide'!$C$1:$E$39,2,FALSE) -> 28 | M31: =VLOOKUP(K31,Sheet4!$A$3:$X$2306,4,FALSE) -> #N/A
A32: 32:{p:"PCPE23942AR03.H-RH",d:"desc"}, | B32: =MID(A32,FIND("""",A32,1)+1,15)&"A" -> PCPE23942AR03.HA | C32: PCPE23942AR03.H | D32: 32 | E32: =VLOOKUP(B32,Sheet4!$A$3:$X$2306,4,FALSE) -> P703 FRT DR SAND W/STITCH
A33: 33:{p:"",d:""}, | B33: =MID(A33,FIND("""",A33,1)+1,18) -> ",d:""}, | C33: ",d:""}, | D33: 33 | E33: =VLOOKUP(B33,Sheet4!$A$3:$X$2306,4,FALSE) -> #N/A | G33: N1WB E27406 UJ1G1E | H33: P703 DOOR REAR DBL RH | I33: 39 | J33: ARM REST | K33: PCPE27406AR02 | L33: =VLOOKUP(K33,'Rack Guide'!$C$1:$E$39,2,FALSE) -> #N/A | M33: =VLOOKUP(K33,Sheet4!$A$3:$X$2306,4,FALSE) -> #N/A
A34: 34:{p:"",d:""}, | B34: =MID(A34,FIND("""",A34,1)+1,18) -> ",d:""}, | C34: ",d:""}, | D34: 34 | E34: =VLOOKUP(B34,Sheet4!$A$3:$X$2306,4,FALSE) -> #N/A
A35: 35:{p:"",d:""}, | B35: =MID(A35,FIND("""",A35,1)+1,18) -> ",d:""}, | C35: ",d:""}, | D35: 35 | E35: =VLOOKUP(B35,Sheet4!$A$3:$X$2306,4,FALSE) -> #N/A | G35: N1WB E23942 SE1G1E | H35: P703 DOOR FRT DBL RH | I35: 34 | J35: TOP ROLL | K35: ASYE23900HARDTOP | L35: =VLOOKUP(K35,'Rack Guide'!$C$1:$E$39,2,FALSE) -> #N/A | M35: =VLOOKUP(K35,Sheet4!$A$3:$X$2306,4,FALSE) -> #N/A
A36: 36:{p:"PCPE23900TOP01.H-RH",d:"PARTDESC_RACK_36"}, | B36: ASYE23900ASE | C36: ASYE23900ASE | D36: 36 | E36: =VLOOKUP(B36,Sheet4!$A$3:$X$2306,4,FALSE) -> P703 Soho Ebony W/ Urban Gray | G36: N1WB E23942 SE1G1E | H36: P703 DOOR FRT DBL RH | I36: 37 | J36: IP EXTENSIION | K36: PCPE23942APIA30 | L36: =VLOOKUP(K36,'Rack Guide'!$C$1:$E$39,2,FALSE) -> #N/A | M36: =VLOOKUP(K36,Sheet4!$A$3:$X$2306,4,FALSE) -> #N/A
A37: 37:{p:"PCPE23900TOP02.H-RH",d:"PARTDESC_RACK_37"}, | B37: ASYE23900ATS | C37: ASYE23900ATS | D37: 37 | E37: =VLOOKUP(B37,Sheet4!$A$3:$X$2306,4,FALSE) -> P703 Terra Suede Ebony W/ BLK | G37: N1WB E23942 SE1G1E | H37: P703 DOOR FRT DBL RH | I37: 38 | J37: LOCK SWITCH | K37: PCP14017E | L37: =VLOOKUP(K37,'Rack Guide'!$C$1:$E$39,2,FALSE) -> #N/A | M37: =VLOOKUP(K37,Sheet4!$A$3:$X$2306,4,FALSE) -> FRONT DOOR LOCK SWITCH RH
A38: 38:{p:"PCPE23900APIA07-RH",d:"PARTDESC_RACK_38"}, | B38: ASYE23900AMIC | C38: ASYE23900AMIC | D38: 38 | E38: =VLOOKUP(B38,Sheet4!$A$3:$X$2306,4,FALSE) -> P703 Hard Top Roll W REINF | G38: N1WB E23942 SE1G1E | H38: P703 DOOR FRT DBL RH | I38: 39 | J38: ARM REST | K38: PCPE23942AR02 | L38: =VLOOKUP(K38,'Rack Guide'!$C$1:$E$39,2,FALSE) -> #N/A | M38: =VLOOKUP(K38,Sheet4!$A$3:$X$2306,4,FALSE) -> #N/A
A39: 39:{p:"",d:""} | B39: =MID(A39,FIND("""",A39,1)+1,18) -> ",d:""} | C39: ",d:""} | D39: 39 | E39: =VLOOKUP(B39,Sheet4!$A$3:$X$2306,4,FALSE) -> #N/A

Sheet Unique PNs
A1: AttributeID | B1: AttributeDesc | C1: Value
A2: 34 | B2: TOP ROLL | C2: ASY23900ASE | D2: =VLOOKUP(C2,Sheet4!$A$3:$X$2306,4,FALSE) -> #N/A | E2: =VLOOKUP(C2,Sheet3!$C$4:$X$900,3,FALSE) -> #N/A
A3: 33 | B3: VERTICAL INSERT | C3: ASYE23864APIA9102 | D3: =VLOOKUP(C3,Sheet4!$A$3:$X$2306,4,FALSE) -> #N/A | E3: =VLOOKUP(C3,Sheet3!$C$4:$X$900,3,FALSE) -> #N/A
A4: 33 | B4: VERTICAL INSERT | C4: ASYE23864APIA9103 | D4: =VLOOKUP(C4,Sheet4!$A$3:$X$2306,4,FALSE) -> #N/A | E4: =VLOOKUP(C4,Sheet3!$C$4:$X$900,3,FALSE) -> #N/A
A5: 33 | B5: VERTICAL INSERT | C5: ASYE23865APIA91 | D5: =VLOOKUP(C5,Sheet4!$A$3:$X$2306,4,FALSE) -> #N/A | E5: =VLOOKUP(C5,Sheet3!$C$4:$X$900,3,FALSE) -> #N/A
A6: 33 | B6: VERTICAL INSERT | C6: ASYE23865APIA9102 | D6: =VLOOKUP(C6,Sheet4!$A$3:$X$2306,4,FALSE) -> #N/A | E6: =VLOOKUP(C6,Sheet3!$C$4:$X$900,3,FALSE) -> #N/A
A7: 33 | B7: VERTICAL INSERT | C7: ASYE23865APIA9103 | D7: =VLOOKUP(C7,Sheet4!$A$3:$X$2306,4,FALSE) -> #N/A | E7: =VLOOKUP(C7,Sheet3!$C$4:$X$900,3,FALSE) -> #N/A
A8: 34 | B8: TOP ROLL | C8: ASYE23900ABP | D8: =VLOOKUP(C8,Sheet4!$A$3:$X$2306,4,FALSE) -> P703 BLACK PACK VERSION. | E8: =VLOOKUP(C8,Sheet3!$C$4:$X$900,3,FALSE) -> P703 BLACK PACK VERSION.
A9: 34 | B9: TOP ROLL | C9: ASYE23900AMIC | D9: =VLOOKUP(C9,Sheet4!$A$3:$X$2306,4,FALSE) -> P703 Hard Top Roll W REINF | E9: =VLOOKUP(C9,Sheet3!$C$4:$X$900,3,FALSE) -> P703 Hard Top Roll W REINF
A10: 34 | B10: TOP ROLL | C10: ASYE23900ASE | D10: =VLOOKUP(C10,Sheet4!$A$3:$X$2306,4,FALSE) -> P703 Soho Ebony W/ Urban Gray | E10: =VLOOKUP(C10,Sheet3!$C$4:$X$900,3,FALSE) -> P703 Soho Ebony W/ Urban Gray
A11: 34 | B11: TOP ROLL | C11: ASYE23900ATS | D11: =VLOOKUP(C11,Sheet4!$A$3:$X$2306,4,FALSE) -> P703 Terra Suede Ebony W/ BLK | E11: =VLOOKUP(C11,Sheet3!$C$4:$X$900,3,FALSE) -> P703 Terra Suede Ebony W/ BLK
A12: 34 | B12: TOP ROLL | C12: ASYE23900HARDTOP | D12: =VLOOKUP(C12,Sheet4!$A$3:$X$2306,4,FALSE) -> #N/A | E12: =VLOOKUP(C12,Sheet3!$C$4:$X$900,3,FALSE) -> #N/A
A13: 34 | B13: TOP ROLL | C13: ASYE23901ABP | D13: =VLOOKUP(C13,Sheet4!$A$3:$X$2306,4,FALSE) -> P703 BLACK PACK VERSION | E13: =VLOOKUP(C13,Sheet3!$C$4:$X$900,3,FALSE) -> P703 BLACK PACK VERSION
... A112: 33 | B112: VERTICAL INSERT | C112: PCPE27407IN03.H | D112: =VLOOKUP(C112,Sheet4!$A$3:$X$2306,4,FALSE) -> P703 INSERT LH EBONY S.SMOOTH | E112: =VLOOKUP(C112,Sheet3!$C$4:$X$900,3,FALSE) -> #N/A

Sheet Sheet3
A1: Production Schedule - Weekly w/Days On Hand - FDDAT
A3: Mar 6, 2026 6:02:44 AM
A4: Prod Dept | B4: Prod Resc | C4: PN TRIM | D4: Part Number | E4: Part Description 1 | F4: Major Group | G4: Minor Group | H4: Std Rate | I4: Qty On Hand | J4: Past Entries | K4: 46087 | L4: 46094 | M4: 46101 | N4: 46108 | O4: 46115 | P4: 46122 | Q4: 46129 | R4: 46136 | S4: 46143 | T4: 46150 | U4: 46157 | V4: 46164 | W4: 46171 | X4: 46178 | Y4: 46185 | Z4: 46192 | AA4: 46199 | AB4: 46206 | AC4: 46213 | AD4: 46220
A5: DFTAS | B5: 70301 | C5: =TRIM(D5) -> N1WB E03512 DE31NB | D5: N1WB E03512 DE31NB | E5: P703 A PLR UPR NONBRANDED RH | F5: 703 | G5: PLA | H5: 73.4694 | I5: 992 | J5: 0 | K5: 328 | L5: 964 | M5: 674 | N5: 898 | O5: 1134 | P5: 990 | Q5: 594 | R5: 752 | S5: 1041 | T5: 1056 | U5: 896 | V5: 978 | W5: 1478 | X5: 1360 | Y5: 1518 | Z5: 1266 | AA5: 0 | AB5: 582 | AC5: 1478 | AD5: 1466
A6: DFTAS | B6: 70301 | C6: =TRIM(D6) -> N1WB E03512 EE31NB | D6: N1WB E03512 EE31NB | E6: P703 A PILLAR UPR BRANDED RH | F6: 703 | G6: PLA | H6: 73.4694 | I6: 207 | J6: 0 | K6: 60 | L6: 212 | M6: 146 | N6: 118 | O6: 224 | P6: 212 | Q6: 132 | R6: 184 | S6: 238 | T6: 224 | U6: 238 | V6: 250 | W6: 330 | X6: 330 | Y6: 410 | Z6: 322 | AA6: 0 | AB6: 132 | AC6: 330 | AD6: 330
A7: DFTAS | B7: 70301 | C7: =TRIM(D7) -> N1WB E03512 EE3ZHE | D7: N1WB E03512 EE3ZHE | E7: P703 A PILLAR UPR BRANDED RH | F7: 703 | G7: PLA | H7: 73.4694 | I7: 587 | J7: 0 | K7: 0 | L7: 0 | M7: 75 | N7: 132 | O7: 106 | P7: 144 | Q7: 264 | R7: 238 | S7: 238 | T7: 264 | U7: 212 | V7: 184 | W7: 264 | X7: 238 | Y7: 304 | Z7: 292 | AA7: 0 | AB7: 106 | AC7: 264 | AD7: 238
A8: DFTAS | B8: 70301 | C8: =TRIM(D8) -> N1WB E03512 EEW-01 | D8: N1WB E03512 EEW-01 | E8: P703 A PILLAR UPR BRANDED RH | F8: 703 | G8: PLA | H8: 73.4694 | J8: 3 | K8: 0 | L8: 0 | M8: 0 | N8: 0 | O8: 0 | P8: 0 | Q8: 0 | R8: 0 | S8: 0 | T8: 0 | U8: 0 | V8: 0 | W8: 0 | X8: 0 | Y8: 0 | Z8: 0 | AA8: 0 | AB8: 0 | AC8: 0 | AD8: 0
A9: DFTAS | B9: 70301 | C9: =TRIM(D9) -> N1WB E03513 DG31NB | D9: N1WB E03513 DG31NB | E9: P703 A PLR UPR NONBRANDED LH | F9: 703 | G9: PLA | H9: 73.4694 | I9: 61 | J9: 0 | K9: 328 | L9: 964 | M9: 674 | N9: 898 | O9: 1134 | P9: 990 | Q9: 594 | R9: 752 | S9: 1041 | T9: 1056 | U9: 896 | V9: 978 | W9: 1478 | X9: 1360 | Y9: 1518 | Z9: 1266 | AA9: 0 | AB9: 582 | AC9: 1478 | AD9: 1466
A10: DFTAS | B10: 70301 | C10: =TRIM(D10) -> N1WB E03513 DH31NB | D10: N1WB E03513 DH31NB | E10: P703 A PLR UPR NONBRANDED LH | F10: 703 | G10: PLA | H10: 73.4694 | I10: 704 | J10: 0 | K10: 550 | L10: 924 | M10: 701 | N10: 884 | O10: 1148 | P10: 976 | Q10: 623 | R10: 712 | S10: 1044 | T10: 1096 | U10: 896 | V10: 993 | W10: 1452 | X10: 1346 | Y10: 1558 | Z10: 1281 | AA10: 0 | AB10: 582 | AC10: 1478 | AD10: 1438
A11: DFTAS | B11: 70301 | C11: =TRIM(D11) -> N1WB E03513 EG31NB | D11: N1WB E03513 EG31NB | E11: P703 A PILLAR UPR BRANDED LH | F11: 703 | G11: PLA | H11: 73.4694 | I11: 40 | J11: 0 | K11: 60 | L11: 212 | M11: 146 | N11: 118 | O11: 224 | P11: 212 | Q11: 132 | R11: 184 | S11: 238 | T11: 224 | U11: 238 | V11: 250 | W11: 330 | X11: 330 | Y11: 410 | Z11: 322 | AA11: 0 | AB11: 132 | AC11: 330 | AD11: 330
A12: DFTAS | B12: 70301 | C12: =TRIM(D12) -> N1WB E03513 EG3ZHE | D12: N1WB E03513 EG3ZHE | E12: P703 A PILLAR UPR BRANDED LH | F12: 703 | G12: PLA | H12: 73.4694 | J12: 0 | K12: 0 | L12: 0 | M12: 75 | N12: 132 | O12: 106 | P12: 144 | Q12: 264 | R12: 238 | S12: 238 | T12: 264 | U12: 212 | V12: 184 | W12: 264 | X12: 238 | Y12: 304 | Z12: 292 | AA12: 0 | AB12: 106 | AC12: 264 | AD12: 238
A13: DFTAS | B13: 70301 | C13: =TRIM(D13) -> N1WB E03513 EH31NB | D13: N1WB E03513 EH31NB | E13: P703 A PILLAR UPR BRANDED LH | F13: 703 | G13: PLA | H13: 73.4694 | I13: 254 | J13: 0 | K13: 13 | L13: 212 | M13: 172 | N13: 132 | O13: 192 | P13: 238 | Q13: 172 | R13: 158 | S13: 231 | T13: 264 | U13: 212 | V13: 247 | W13: 368 | X13: 330 | Y13: 384 | Z13: 285 | AA13: 0 | AB13: 160 | AC13: 368 | AD13: 330
A14: DFTAS | B14: 70301 | C14: =TRIM(D14) -> N1WB E03513 EH3ZHE | D14: N1WB E03513 EH3ZHE | E14: P703 A PILLAR UPR BRANDED LH | F14: 703 | G14: PLA | H14: 73.4694 | I14: 388 | J14: 0 | K14: 0 | L14: 128 | M14: 132 | N14: 136 | O14: 106 | P14: 144 | Q14: 264 | R14: 243 | S14: 224 | T14: 264 | U14: 212 | V14: 189 | W14: 238 | X14: 224 | Y14: 344 | Z14: 280 | AA14: 0 | AB14: 106 | AC14: 238 | AD14: 224
A15: DFTAS | B15: 70301 | C15: =TRIM(D15) -> N1WB E03513 EHW-01 | D15: N1WB E03513 EHW-01 | E15: P703 A PILLAR UPR BRANDED LH | F15: 703 | G15: PLA | H15: 73.4694 | J15: 3 | K15: 0 | L15: 0 | M15: 0 | N15: 0 | O15: 0 | P15: 0 | Q15: 0 | R15: 0 | S15: 0 | T15: 0 | U15: 0 | V15: 0 | W15: 0 | X15: 0 | Y15: 0 | Z15: 0 | AA15: 0 | AB15: 0 | AC15: 0 | AD15: 0
A16: DFTAS | B16: 70302 | C16: =TRIM(D16) -> N1WB E13201 DA3ZHE | D16: N1WB E13201 DA3ZHE | E16: P703 PLT ASY FRT DR SCF | F16: 703 | G16: PLA | H16: 71.2871 | I16: 317 | J16: 43 | K16: 1584 | L16: 1362 | M16: 1000 | N16: 1160 | O16: 1432 | P16: 1368 | Q16: 986 | R16: 1132 | S16: 1518 | T16: 1570 | U16: 1318 | V16: 1404 | W16: 2066 | X16: 1930 | Y16: 2254 | Z16: 1860 | AA16: 0 | AB16: 822 | AC16: 2066 | AD16: 2016
A17: DFTAS | B17: 70302 | C17: =TRIM(D17) -> N1WB E243A53 ED3ZHE | D17: N1WB E243A53 ED3ZHE | E17: P703 PNL ASY CTR BDY PLR LH | F17: 703 | G17: PLA | H17: 66.6666 | I17: 488 | J17: 0 | K17: 1510 | L17: 1210 | M17: 998 | N17: 1170 | O17: 1432 | P17: 1368 | Q17: 994 | R17: 1144 | S17: 1502 | T17: 1572 | U17: 1332 | V17: 1394 | W17: 2058 | X17: 1934 | Y17: 2268 | Z17: 1856 | AA17: 0 | AB17: 828 | AC17: 2070 | AD17: 2014
A18: DFTAS | B18: 70302 | C18: =TRIM(D18) -> N1WB E31007 EB3ZHE | D18: N1WB E31007 EB3ZHE | E18: P703 PNL BDY SD RR CNR TR | F18: 703 | G18: PLA | H18: 85.7142 | I18: 105 | J18: 203 | K18: 1584 | L18: 1360 | M18: 1004 | N18: 1160 | O18: 1436 | P18: 1376 | Q18: 990 | R18: 1136 | S18: 1496 | T18: 1570 | U18: 1338 | V18: 1400 | W18: 2054 | X18: 1928 | Y18: 2260 | Z18: 1852 | AA18: 0 | AB18: 828 | AC18: 2076 | AD18: 2020
A19: DFTAS | B19: 70303 | C19: =TRIM(D19) -> N1WB 17D568 EF3JA6 | D19: N1WB 17D568 EF3JA6 | E19: P703 RAIN SENSOR COVER | F19: 703 | G19: PLA | H19: 83.7209 | I19: 618 | J19: 0 | K19: 1497 | L19: 1335 | M19: 969 | N19: 1220 | O19: 1334 | P19: 1478 | Q19: 1075 | R19: 1066 | S19: 1573 | T19: 1545 | U19: 1469 | V19: 1300 | W19: 2074 | X19: 2025 | Y19: 1901 | Z19: 2310 | AA19: 58 | AB19: 643 | AC19: 2074 | AD19: 2073
A20: DFTAS | B20: 70303 | C20: =TRIM(D20) -> N1WB 17D568 EFW-01 | D20: N1WB 17D568 EFW-01 | E20: P703 RAIN SENSOR COVER | F20: 703 | G20: PLA | H20: 83.7209 | J20: 3 | K20: 0 | L20: 0 | M20: 0 | N20: 0 | O20: 0 | P20: 0 | Q20: 0 | R20: 0 | S20: 0 | T20: 0 | U20: 0 | V20: 0 | W20: 0 | X20: 0 | Y20: 0 | Z20: 0 | AA20: 0 | AB20: 0 | AC20: 0 | AD20: 0
A21: DFTAS | B21: 70304 | C21: =TRIM(D21) -> ASYE025B85B | D21: ASYE025B85B | E21: P703 TWTR CVR BRANDED ASSY LH | F21: 703 | G21: PLA | H21: 87.8048 | I21: 205 | J21: 0 | K21: 0 | L21: 0 | M21: 130 | N21: 268 | O21: 212 | P21: 288 | Q21: 528 | R21: 481 | S21: 462 | T21: 528 | U21: 424 | V21: 373 | W21: 502 | X21: 462 | Y21: 648 | Z21: 572 | AA21: 0 | AB21: 212 | AC21: 502 | AD21: 462
A22: DFTAS | B22: 70304 | C22: =TRIM(D22) -> ASYE025B85B1NB | D22: ASYE025B85B1NB | E22: P703 TWTR CVR BRANDED ASSY LH | F22: 703 | G22: PLA | H22: 87.8048 | I22: -483 | J22: 483 | K22: 73 | L22: 424 | M22: 318 | N22: 250 | O22: 416 | P22: 450 | Q22: 304 | R22: 342 | S22: 469 | T22: 488 | U22: 450 | V22: 497 | W22: 698 | X22: 660 | Y22: 794 | Z22: 607 | AA22: 0 | AB22: 292 | AC22: 698 | AD22: 660
A23: DFTAS | B23: 70306 | C23: =TRIM(D23) -> N1WB E41018 CD | D23: N1WB E41018 CD | E23: P703 TAILGATE ASSY | F23: 703 | G23: PLA | H23: 160 | I23: 183 | J23: 0 | K23: 0 | L23: 0 | M23: 0 | N23: 0 | O23: 0 | P23: 0 | Q23: 0 | R23: 0 | S23: 189 | T23: 0 | U23: 0 | V23: 0 | W23: 0 | X23: 0 | Y23: 0 | Z23: 202 | AA23: 0 | AB23: 0 | AC23: 0 | AD23: 0
A24: DFTAS | B24: 70306 | C24: =TRIM(D24) -> R1WB E41018 CA | D24: R1WB E41018 CA | E24: P703 TAILGATE ASSY | F24: 703 | G24: PLA | H24: 66.6666 | I24: 1674 | J24: 0 | K24: 126 | L24: 1380 | M24: 960 | N24: 1220 | O24: 1340 | P24: 1420 | Q24: 1060 | R24: 1020 | S24: 1530 | T24: 1600 | U24: 1480 | V24: 1237 | W24: 2080 | X24: 1940 | Y24: 1920 | Z24: 2259 | AA24: 60 | AB24: 660 | AC24: 2100 | AD24: 2060
A25: DFTAS | B25: 70308 | C25: =TRIM(D25) -> KTN1WB 16L559 DB | D25: KTN1WB 16L559 DB | E25: P703 REAR SPLA SHIELDS | F25: 703 | G25: PLA | H25: 80 | I25: 970 | J25: 0 | K25: 710 | L25: 1346 | M25: 928 | N25: 1264 | O25: 1344 | P25: 1072 | Q25: 768 | R25: 1456 | S25: 1152 | T25: 1168 | U25: 1248 | V25: 1536 | W25: 1488 | X25: 1392 | Y25: 1680 | Z25: 1008 | AA25: 0 | AB25: 736 | AC25: 1840 | AD25: 1776
A26: DFTAS | B26: 70308 | C26: =TRIM(D26) -> KTN1WB 16L559 FB | D26: KTN1WB 16L559 FB | E26: P703 REAR SPLA SHIELDS | F26: 703 | G26: PLA | H26: 80 | I26: 888 | J26: 0 | K26: 0 | L26: 0 | M26: 0 | N26: 0 | O26: 100 | P26: 192 | Q26: 160 | R26: 368 | S26: 224 | T26: 176 | U26: 256 | V26: 192 | W26: 208 | X26: 224 | Y26: 320 | Z26: 192 | AA26: 0 | AB26: 96 | AC26: 240 | AD26: 240
A27: DFTAS | B27: 70309 | C27: =TRIM(D27) -> N1WB 17C790 GA | D27: N1WB 17C790 GA | E27: P703 REDBACK SUPT BRKT RH | F27: 703 | G27: PLA | H27: 116.129 | I27: -4 | J27: 4 | K27: 540 | L27: 0 | M27: 108 | N27: 432 | O27: 0 | P27: 0 | Q27: 108 | R27: 432 | S27: 108 | T27: 432 | U27: 108 | V27: 436 | W27: 0 | X27: 108 | Y27: 540 | Z27: 432 | AA27: 0 | AB27: 0 | AC27: 108 | AD27: 432
A28: DFTAS | B28: 70309 | C28: =TRIM(D28) -> N1WB 17D698 AD3ZHE | D28: N1WB 17D698 AD3ZHE | E28: P703 CVR ASY RV O/S MIR MTG HL | F28: 703 | G28: PLA | H28: 90 | I28: -18 | J28: 18 | K28: 1728 | L28: 1253 | M28: 951 | N28: 1296 | O28: 1296 | P28: 1252 | Q28: 1080 | R28: 1167 | S28: 1512 | T28: 1512 | U28: 1469 | V28: 1425 | W28: 1987 | X28: 2074 | Y28: 1858 | Z28: 1904 | AA28: 130 | AB28: 950 | AC28: 2117 | AD28: 1944
A29: DFTAS | B29: 70310 | C29: =TRIM(D29) -> N1WB 17C791 GA | D29: N1WB 17C791 GA | E29: P703 REDBACK SUPT BRKT LH | F29: 703 | G29: PLA | H29: 116.129 | I29: 577 | J29: 0 | K29: 0 | L29: 395 | M29: 108 | N29: 0 | O29: 0 | P29: 432 | Q29: 108 | R29: 432 | S29: 108 | T29: 0 | U29: 432 | V29: 115 | W29: 432 | X29: 108 | Y29: 432 | Z29: 108 | AA29: 0 | AB29: 0 | AC29: 432 | AD29: 108
A30: DFTAS | B30: 70310 | C30: =TRIM(D30) -> N1WB 17D699 AD3ZHE | D30: N1WB 17D699 AD3ZHE | E30: P703 CVR ASY RV O/S MIR MTG HL | F30: 703 | G30: PLA | H30: 90 | I30: 304 | J30: 0 | K30: 1208 | L30: 1253 | M30: 951 | N30: 1296 | O30: 1296 | P30: 1252 | Q30: 1080 | R30: 1167 | S30: 1512 | T30: 1512 | U30: 1469 | V30: 1425 | W30: 1987 | X30: 2074 | Y30: 1858 | Z30: 1900 | AA30: 130 | AB30: 950 | AC30: 2117 | AD30: 1944
A31: DFTAS | B31: 70313 | C31: =TRIM(D31) -> ASYE23901ABP | D31: ASYE23901ABP | E31: P703 BLACK PACK VERSION | F31: 703 | G31: PLA | H31: 80 | I31: 54 | J31: 0 | K31: 126 | L31: 93 | M31: 86 | N31: 79 | O31: 94 | P31: 75 | Q31: 67 | R31: 86 | S31: 111 | T31: 111 | U31: 80 | V31: 132 | W31: 139 | X31: 140 | Y31: 206 | Z31: 46 | AA31: 0 | AB31: 104 | AC31: 134 | AD31: 128
A32: DFTAS | B32: 70313 | C32: =TRIM(D32) -> ASYE23901ADSG | D32: ASYE23901ADSG | E32: P703 Dark Space Grey TopRollLH | F32: 703 | G32: PLA | H32: 80 | J32: 0 | K32: 0 | L32: 0 | M32: 0 | N32: 0 | O32: 0 | P32: 0 | Q32: 0 | R32: 0 | S32: 2 | T32: 0 | U32: 0 | V32: 10 | W32: 0 | X32: 0 | Y32: 0 | Z32: 0 | AA32: 0 | AB32: 0 | AC32: 0 | AD32: 0
A33: DFTAS | B33: 70313 | C33: =TRIM(D33) -> ASYE23901AMIC | D33: ASYE23901AMIC | E33: P703 Hard Top Roll W REINF | F33: 703 | G33: PLA | H33: 80 | I33: 178 | J33: 0 | K33: 1153 | L33: 682 | M33: 811 | N33: 1019 | O33: 1153 | P33: 762 | Q33: 575 | R33: 915 | S33: 1062 | T33: 1085 | U33: 767 | V33: 1296 | W33: 1480 | X33: 1220 | Y33: 1921 | Z33: 420 | AA33: 0 | AB33: 1176 | AC33: 1503 | AD33: 1396
A34: DFTAS | B34: 70313 | C34: =TRIM(D34) -> ASYE23901ASE | D34: ASYE23901ASE | E34: P703 Soho Ebony W/ Urban Gray | F34: 703 | G34: PLA | H34: 80 | I34: 47 | J34: 0 | K34: 116 | L34: 88 | M34: 56 | N34: 72 | O34: 144 | P34: 110 | Q34: 56 | R34: 128 | S34: 144 | T34: 132 | U34: 116 | V34: 207 | W34: 196 | X34: 185 | Y34: 263 | Z34: 54 | AA34: 0 | AB34: 196 | AC34: 216 | AD34: 180
A35: DFTAS | B35: 70313 | C35: =TRIM(D35) -> ASYE23901ATS | D35: ASYE23901ATS | E35: P703 Terra Suede Ebony W/ BLK | F35: 703 | G35: PLA | H35: 80 | I35: 43 | J35: 0 | K35: 164 | L35: 152 | M35: 154 | N35: 106 | O35: 87 | P35: 219 | Q35: 244 | R35: 247 | S35: 250 | T35: 243 | U35: 170 | V35: 247 | W35: 247 | X35: 261 | Y35: 396 | Z35: 88 | AA35: 0 | AB35: 192 | AC35: 240 | AD35: 240
A36: DFTAS | B36: 70314 | C36: =TRIM(D36) -> N1WB 14A563 KD3ZHE | D36: N1WB 14A563 KD3ZHE | E36: P703 HSG ASY-WDO REG FRT RH SW | F36: 703 | G36: PLA | H36: 30 | I36: 2167 | J36: 0 | K36: 137 | L36: 1152 | M36: 1038 | N36: 1228 | O36: 1344 | P36: 1268 | Q36: 1074 | R36: 1192 | S36: 1536 | T36: 1536 | U36: 1382 | V36: 1536 | W36: 2112 | X36: 1958 | Y36: 1958 | Z36: 1382 | AA36: 308 | AB36: 1306 | AC36: 2112 | AD36: 1958
A37: DFTAS | B37: 70315 | C37: =TRIM(D37) -> N1WB 14A567 BE3ZHE | D37: N1WB 14A567 BE3ZHE | E37: P703 HSG ASY-WDO REG RH SW RR | F37: 703 | G37: PLA | H37: 80 | I37: 1968 | J37: 0 | K37: 151 | L37: 1152 | M37: 1114 | N37: 1344 | O37: 1344 | P37: 1190 | Q37: 1038 | R37: 1228 | S37: 1498 | T37: 1574 | U37: 1344 | V37: 1581 | W37: 1998 | X37: 1958 | Y37: 2036 | Z37: 1496 | AA37: 232 | AB37: 1190 | AC37: 2112 | AD37: 2034
A38: DFTAS | B38: 70325 | C38: =TRIM(D38) -> N1WB E13200 DA3ZHE | D38: N1WB E13200 DA3ZHE | E38: P703 PLT ASY FRT DR SCF | F38: 703 | G38: PLA | H38: 71.2871 | I38: 383 | J38: 0 | K38: 1529 | L38: 1326 | M38: 1000 | N38: 1160 | O38: 1446 | P38: 1378 | Q38: 980 | R38: 1152 | S38: 1504 | T38: 1562 | U38: 1340 | V38: 1406 | W38: 2052 | X38: 1922 | Y38: 2260 | Z38: 1838 | AA38: 0 | AB38: 836 | AC38: 2088 | AD38: 2016
A39: DFTAS | B39: 70325 | C39: =TRIM(D39) -> N1WB E243A52 ED3ZHE | D39: N1WB E243A52 ED3ZHE | E39: P703 PNL ASY CTR BDY PLR RH | F39: 703 | G39: PLA | H39: 66.6666 | I39: 524 | J39: 0 | K39: 1438 | L39: 1354 | M39: 998 | N39: 1170 | O39: 1440 | P39: 1372 | Q39: 982 | R39: 1134 | S39: 1508 | T39: 1578 | U39: 1320 | V39: 1400 | W39: 2070 | X39: 1926 | Y39: 2258 | Z39: 1846 | AA39: 0 | AB39: 828 | AC39: 2078 | AD39: 2016
A40: DFTAS | B40: 70325 | C40: =TRIM(D40) -> N1WB E31006 EB3ZHE | D40: N1WB E31006 EB3ZHE | E40: P703 PNL BDY SD RR CNR TR | F40: 703 | G40: PLA | H40: 85.7142 | I40: 224 | J40: 304 | K40: 1584 | L40: 1370 | M40: 990 | N40: 1170 | O40: 1438 | P40: 1364 | Q40: 990 | R40: 1137 | S40: 1504 | T40: 1576 | U40: 1324 | V40: 1400 | W40: 2062 | X40: 1932 | Y40: 2248 | Z40: 1848 | AA40: 0 | AB40: 828 | AC40: 2076 | AD40: 2020
A41: DFTAS | B41: 70326 | C41: =TRIM(D41) -> N1WB E291A35 MAE | D41: N1WB E291A35 MAE | E41: P703 BOX TOPS LH | F41: 703 | G41: PLA | H41: 81.8182 | J41: 0 | K41: 90 | L41: 0 | M41: 0 | N41: 0 | O41: 0 | P41: 0 | Q41: 83 | R41: 0 | S41: 76 | T41: 0 | U41: 0 | V41: 0 | W41: 0 | X41: 0 | Y41: 0 | Z41: 111 | AA41: 0 | AB41: 0 | AC41: 0 | AD41: 0
A42: DFTAS | B42: 70326 | C42: =TRIM(D42) -> R1WB E291A34 MAA | D42: R1WB E291A34 MAA | E42: P703 BOX TOP RH | F42: 703 | G42: PLA | H42: 105.8824 | I42: 943 | J42: 17 | K42: 1760 | L42: 960 | M42: 1184 | N42: 1280 | O42: 1408 | P42: 1184 | Q42: 992 | R42: 1344 | S42: 1628 | T42: 1600 | U42: 1088 | V42: 1856 | W42: 2080 | X42: 1824 | Y42: 2528 | Z42: 544 | AA42: 256 | AB42: 1728 | AC42: 2080 | AD42: 1952
A43: DFTAS | B43: 70326 | C43: =TRIM(D43) -> R1WB E291A35 MAA | D43: R1WB E291A35 MAA | E43: P703 BOX TOPS LH | F43: 703 | G43: PLA | H43: 105.8824 | I43: 609 | J43: 0 | K43: 1151 | L43: 1312 | M43: 992 | N43: 1184 | O43: 1440 | P43: 1376 | Q43: 1088 | R43: 1056 | S43: 1472 | T43: 1600 | U43: 1472 | V43: 1197 | W43: 2080 | X43: 1984 | Y43: 1856 | Z43: 2320 | AA43: 64 | AB43: 672 | AC43: 2080 | AD43: 2048
A44: DFTAS | B44: 70331 | C44: =TRIM(D44) -> N1WB E31002 CD3ZHE | D44: N1WB E31002 CD3ZHE | E44: P703 PNL ASY QTR TR UPR | F44: 703 | G44: PLA | H44: 85.7142 | I44: 1528 | J44: 0 | K44: 408 | L44: 1356 | M44: 1004 | N44: 1160 | O44: 1426 | P44: 1374 | Q44: 1002 | R44: 1136 | S44: 1486 | T44: 1558 | U44: 1338 | V44: 1408 | W44: 2068 | X44: 1928 | Y44: 2260 | Z44: 1848 | AA44: 0 | AB44: 828 | AC44: 2068 | AD44: 2016
A45: DFTAS | B45: 70332 | C45: =TRIM(D45) -> ASYE025B84B | D45: ASYE025B84B | E45: P703 TWTR CVR BRANDED ASSY RH | F45: 703 | G45: PLA | H45: 87.8048 | I45: 140 | J45: 0 | K45: 0 | L45: 0 | M45: 0 | N45: 67 | O45: 106 | P45: 144 | Q45: 264 | R45: 238 | S45: 238 | T45: 264 | U45: 212 | V45: 184 | W45: 264 | X45: 238 | Y45: 304 | Z45: 292 | AA45: 0 | AB45: 106 | AC45: 264 | AD45: 238
A46: DFTAS | B46: 70332 | C46: =TRIM(D46) -> ASYE025B84B1NB | D46: ASYE025B84B1NB | E46: P703 TWTR CVR BRANDED ASSY RH | F46: 703 | G46: PLA | H46: 87.8048 | I46: -38 | J46: 38 | K46: 60 | L46: 212 | M46: 146 | N46: 118 | O46: 224 | P46: 212 | Q46: 132 | R46: 184 | S46: 238 | T46: 224 | U46: 238 | V46: 250 | W46: 330 | X46: 330 | Y46: 410 | Z46: 322 | AA46: 0 | AB46: 132 | AC46: 330 | AD46: 330
A47: DFTAS | B47: 70333 | C47: =TRIM(D47) -> N1WB 14A564 SD3ZHE | D47: N1WB 14A564 SD3ZHE | E47: P703 HSG ASY-WDO REG FRT LH SW | F47: 703 | G47: PLA | H47: 30 | I47: 2462 | J47: 0 | K47: 0 | L47: 0 | M47: 418 | N47: 1038 | O47: 1074 | P47: 884 | Q47: 692 | R47: 728 | S47: 1038 | T47: 1074 | U47: 960 | V47: 1114 | W47: 1422 | X47: 1382 | Y47: 1306 | Z47: 920 | AA47: 232 | AB47: 960 | AC47: 1458 | AD47: 1422
A48: DFTAS | B48: 70333 | C48: =TRIM(D48) -> N1WB 14A564 VD3ZHE | D48: N1WB 14A564 VD3ZHE | E48: P703 HSG ASY-WDO REG FRT LH SW | F48: 703 | G48: PLA | H48: 30 | I48: 1049 | J48: 0 | K48: 0 | L48: 0 | M48: 257 | N48: 384 | O48: 308 | P48: 268 | Q48: 384 | R48: 462 | S48: 576 | T48: 498 | U48: 384 | V48: 470 | W48: 576 | X48: 576 | Y48: 652 | Z48: 460 | AA48: 78 | AB48: 346 | AC48: 576 | AD48: 576
A49: DFTAS | B49: 70334 | C49: =TRIM(D49) -> N1WB 14A568 BE3ZHE | D49: N1WB 14A568 BE3ZHE | E49: P703 HSG ASY-WDO REG LH SW RR | F49: 703 | G49: PLA | H49: 80 | I49: 1368 | J49: 0 | K49: 552 | L49: 1268 | M49: 998 | N49: 1344 | O49: 1344 | P49: 1190 | Q49: 1038 | R49: 1306 | S49: 1536 | T49: 1536 | U49: 1382 | V49: 1536 | W49: 2112 | X49: 1882 | Y49: 1920 | Z49: 1496 | AA49: 232 | AB49: 1190 | AC49: 2112 | AD49: 2034
A50: DFTAS | B50: 70335 | C50: =TRIM(D50) -> ASYE23900ABP | D50: ASYE23900ABP | E50: P703 BLACK PACK VERSION. | F50: 703 | G50: PLA | H50: 80 | I50: 31 | J50: 22 | K50: 131 | L50: 93 | M50: 86 | N50: 79 | O50: 94 | P50: 75 | Q50: 67 | R50: 86 | S50: 111 | T50: 111 | U50: 80 | V50: 132 | W50: 139 | X50: 140 | Y50: 206 | Z50: 45 | AA50: 0 | AB50: 104 | AC50: 134 | AD50: 128
A51: DFTAS | B51: 70335 | C51: =TRIM(D51) -> ASYE23900ADSG | D51: ASYE23900ADSG | E51: P703 Dark Space Grey Top Roll | F51: 703 | G51: PLA | H51: 80 | J51: 0 | K51: 0 | L51: 0 | M51: 0 | N51: 0 | O51: 0 | P51: 0 | Q51: 0 | R51: 0 | S51: 0 | T51: 0 | U51: 0 | V51: 6 | W51: 0 | X51: 0 | Y51: 0 | Z51: 0 | AA51: 0 | AB51: 0 | AC51: 0 | AD51: 0
A52: DFTAS | B52: 70335 | C52: =TRIM(D52) -> ASYE23900AMIC | D52: ASYE23900AMIC | E52: P703 Hard Top Roll W REINF | F52: 703 | G52: PLA | H52: 80 | I52: 164 | J52: 19 | K52: 1197 | L52: 682 | M52: 811 | N52: 1019 | O52: 1153 | P52: 762 | Q52: 575 | R52: 915 | S52: 1060 | T52: 1085 | U52: 767 | V52: 1296 | W52: 1480 | X52: 1220 | Y52: 1921 | Z52: 420 | AA52: 0 | AB52: 1176 | AC52: 1503 | AD52: 1396
A53: DFTAS | B53: 70335 | C53: =TRIM(D53) -> ASYE23900ASE | D53: ASYE23900ASE | E53: P703 Soho Ebony W/ Urban Gray | F53: 703 | G53: PLA | H53: 80 | I53: 26 | J53: 14 | K53: 117 | L53: 88 | M53: 56 | N53: 84 | O53: 148 | P53: 110 | Q53: 56 | R53: 118 | S53: 140 | T53: 132 | U53: 116 | V53: 200 | W53: 200 | X53: 184 | Y53: 263 | Z53: 52 | AA53: 0 | AB53: 196 | AC53: 216 | AD53: 180
A54: DFTAS | B54: 70335 | C54: =TRIM(D54) -> ASYE23900ATS | D54: ASYE23900ATS | E54: P703 Terra Suede Ebony W/ BLK | F54: 703 | G54: PLA | H54: 80 | I54: -9 | J54: 0 | K54: 250 | L54: 152 | M54: 154 | N54: 106 | O54: 87 | P54: 219 | Q54: 244 | R54: 247 | S54: 250 | T54: 243 | U54: 170 | V54: 243 | W54: 247 | X54: 261 | Y54: 396 | Z54: 84 | AA54: 0 | AB54: 192 | AC54: 240 | AD54: 240
A55: DFTAS | B55: 70338 | C55: =TRIM(D55) -> KTN1WB 16L558 DB | D55: KTN1WB 16L558 DB | E55: P703 REAR SPLA SHIELDS | F55: 703 | G55: PLA | H55: 80 | I55: 1177 | J55: 0 | K55: 263 | L55: 1510 | M55: 1024 | N55: 1200 | O55: 1280 | P55: 1152 | Q55: 784 | R55: 1408 | S55: 1152 | T55: 1168 | U55: 1280 | V55: 1552 | W55: 1440 | X55: 1392 | Y55: 1712 | Z55: 1056 | AA55: 0 | AB55: 736 | AC55: 1808 | AD55: 1728
A56: DFTAS | B56: 70338 | C56: =TRIM(D56) -> KTN1WB 16L558 FB | D56: KTN1WB 16L558 FB | E56: P703 REAR SPLA SHIELDS | F56: 703 | G56: PLA | H56: 80 | I56: 900 | J56: 0 | K56: 0 | L56: 0 | M56: 0 | N56: 0 | O56: 88 | P56: 192 | Q56: 160 | R56: 336 | S56: 208 | T56: 224 | U56: 256 | V56: 192 | W56: 208 | X56: 224 | Y56: 320 | Z56: 192 | AA56: 0 | AB56: 96 | AC56: 240 | AD56: 240
A57: DFTAS | B57: AGS01 | C57: =TRIM(D57) -> P2DB 16E166 AB | D57: P2DB 16E166 AB | E57: U725 UPPER AGS NON-CAPABLE A | F57: BRN | G57: PLA | H57: 60 | I57: 972 | J57: 392 | K57: 2748 | L57: 2752 | M57: 1818 | N57: 2232 | O57: 2970 | P57: 3076 | Q57: 1538 | R57: 1590 | S57: 3026 | T57: 3030 | U57: 2504 | V57: 2076 | W57: 2668 | X57: 2444 | Y57: 2820 | Z57: 2296 | AA57: 0 | AB57: 1042 | AC57: 2614 | AD57: 2528
A58: DFTAS | B58: AGS01 | C58: =TRIM(D58) -> SB3V 16E166 ZB | D58: SB3V 16E166 ZB | E58: U725 FRONT WARTHOG-AGS | F58: BRN | G58: PLA | H58: 30 | I58: 183 | J58: 0 | K58: 303 | L58: 288 | M58: 200 | N58: 252 | O58: 312 | P58: 300 | Q58: 200 | R58: 184 | S58: 232 | T58: 240 | U58: 216 | V58: 204 | W58: 256 | X58: 270 | Y58: 302 | Z58: 216 | AA58: 0 | AB58: 96 | AC58: 250 | AD58: 250
A59: DFTAS | B59: AGS01 | C59: =TRIM(D59) -> T2DJ 16E166 AA | D59: T2DJ 16E166 AA | E59: U725 AGS 60TH ANNIVERSARY | F59: BRN | G59: PLA | H59: 30 | I59: 124 | J59: 0 | K59: 92 | L59: 168 | M59: 123 | N59: 115 | O59: 60 | P59: 98 | Q59: 101 | R59: 81 | S59: 125 | T59: 129 | U59: 111 | V59: 81 | W59: 108 | X59: 108 | Y59: 127 | Z59: 166 | AA59: 0 | AB59: 22 | AC59: 108 | AD59: 115
A60: DFTAS | B60: AGS01 | C60: =TRIM(D60) -> V2DB 16E166 AA | D60: V2DB 16E166 AA | E60: U725 UPPER AGS WILDSIDE | F60: BRN | G60: PLA | H60: 60 | J60: 0 | K60: 0 | L60: 0 | M60: 0 | N60: 0 | O60: 0 | P60: 0 | Q60: 0 | R60: 0 | S60: 0 | T60: 0 | U60: 0 | V60: 0 | W60: 0 | X60: 0 | Y60: 0 | Z60: 0 | AA60: 0 | AB60: 0 | AC60: 0 | AD60: 0
A61: DFTAS | B61: AGS02 | C61: =TRIM(D61) -> P2DB 16E166 BB | D61: P2DB 16E166 BB | E61: U725 UPPER AGS CAPABLE-B | F61: BRN | G61: PLA | H61: 60 | I61: 187 | J61: 317 | K61: 744 | L61: 488 | M61: 456 | N61: 520 | O61: 1020 | P61: 548 | Q61: 288 | R61: 648 | S61: 744 | T61: 744 | U61: 516 | V61: 588 | W61: 652 | X61: 556 | Y61: 904 | Z61: 196 | AA61: 0 | AB61: 520 | AC61: 656 | AD61: 596
A62: DFTAS | B62: BP001 | C62: =TRIM(D62) -> M2DB 17E810 BA5YZ9 | D62: M2DB 17E810 BA5YZ9 | E62: U725 CVR FRT BMPR OPG RH | F62: BRN | G62: PLA | H62: 80 | I62: 1779 | J62: 0 | K62: 184 | L62: 758 | M62: 956 | N62: 808 | O62: 1058 | P62: 958 | Q62: 756 | R62: 1158 | S62: 1584 | T62: 1260 | U62: 958 | V62: 946 | W62: 1208 | X62: 1158 | Y62: 1010 | Z62: 652 | AA62: 306 | AB62: 604 | AC62: 1058 | AD62: 1260
A63: DFTAS | B63: BP001 | C63: =TRIM(D63) -> M2DB 17E810 GC5YZ9 | D63: M2DB 17E810 GC5YZ9 | E63: U725 BUMPERTTE MODULAR | F63: BRN | G63: PLA | H63: 75.7894 | I63: 233 | J63: 0 | K63: 0 | L63: 37 | M63: 114 | N63: 78 | O63: 192 | P63: 192 | Q63: 114 | R63: 78 | S63: 509 | T63: 308 | U63: 192 | V63: 192 | W63: 192 | X63: 192 | Y63: 268 | Z63: 230 | AA63: 0 | AB63: 78 | AC63: 268 | AD63: 308
A64: DFTAS | B64: BP002 | C64: =TRIM(D64) -> M2DB 17E811 BA5YZ9 | D64: M2DB 17E811 BA5YZ9 | E64: U725 CVR FRT BMPR OPG LH | F64: BRN | G64: PLA | H64: 80 | I64: 1018 | J64: 0 | K64: 977 | L64: 963 | M64: 956 | N64: 910 | O64: 1106 | P64: 808 | Q64: 823 | R64: 1158 | S64: 1412 | T64: 1260 | U64: 958 | V64: 1101 | W64: 1208 | X64: 958 | Y64: 1158 | Z64: 729 | AA64: 306 | AB64: 604 | AC64: 1058 | AD64: 1260
A65: DFTAS | B65: BP002 | C65: =TRIM(D65) -> M2DB 17E811 GC5YZ9 | D65: M2DB 17E811 GC5YZ9 | E65: U725 BUMPERETTE MODULAR | F65: BRN | G65: PLA | H65: 75.7894 | I65: 450 | J65: 0 | K65: 0 | L65: 0 | M65: 0 | N65: 12 | O65: 416 | P65: 154 | Q65: 230 | R65: 78 | S65: 268 | T65: 308 | U65: 192 | V65: 192 | W65: 192 | X65: 192 | Y65: 268 | Z65: 614 | AA65: 0 | AB65: 78 | AC65: 268 | AD65: 308
A66: DFTAS | B66: BP003 | C66: =TRIM(D66) -> M2DB 17E810 CB5YZ9 | D66: M2DB 17E810 CB5YZ9 | E66: U725 CVR FRT BMPR W/BEZEL RH | F66: BRN | G66: PLA | H66: 80 | I66: 265 | J66: 0 | K66: 551 | L66: 354 | M66: 352 | N66: 404 | O66: 352 | P66: 404 | Q66: 252 | R66: 352 | S66: 504 | T66: 504 | U66: 404 | V66: 340 | W66: 352 | X66: 504 | Y66: 404 | Z66: 150 | AA66: 102 | AB66: 252 | AC66: 352 | AD66: 504
A67: DFTAS | B67: BP004 | C67: =TRIM(D67) -> M2DB 17E811 CA5YZ9 | D67: M2DB 17E811 CA5YZ9 | E67: U725 CVR FRT BMPR W/BEZEL LH | F67: BRN | G67: PLA | H67: 80 | J67: 0 | K67: 0 | L67: 0 | M67: 0 | N67: 0 | O67: 0 | P67: 0 | Q67: 40 | R67: 0 | S67: 0 | T67: 0 | U67: 0 | V67: 0 | W67: 0 | X67: 0 | Y67: 0 | Z67: 0 | AA67: 0 | AB67: 0 | AC67: 0 | AD67: 0
A68: DFTAS | B68: BP004 | C68: =TRIM(D68) -> M2DB 17E811 CB5YZ9 | D68: M2DB 17E811 CB5YZ9 | E68: U725 CVR FRT BMPR W/BEZEL LH | F68: BRN | G68: PLA | H68: 80 | I68: 216 | J68: 36 | K68: 778 | L68: 379 | M68: 352 | N68: 404 | O68: 352 | P68: 404 | Q68: 279 | R68: 352 | S68: 504 | T68: 504 | U68: 404 | V68: 279 | W68: 352 | X68: 404 | Y68: 352 | Z68: 327 | AA68: 102 | AB68: 252 | AC68: 352 | AD68: 504
A69: DFTAS | B69: DT001 | C69: =TRIM(D69) -> PC68451020C00U | D69: PC68451020C00U | E69: DT CENTER SUPPORT BRACKET | F69: DT | G69: PLA | H69: 66.6666 | J69: 0 | K69: 90 | L69: 270 | M69: 840 | N69: 0 | O69: 210 | P69: 390 | Q69: 210 | R69: 480 | S69: 330 | T69: 720 | U69: 0 | V69: 420 | W69: 720 | X69: 660 | Y69: 0 | Z69: 540 | AA69: 0 | AB69: 300 | AC69: 330 | AD69: 360
A70: DFTAS | B70: DT002 | C70: =TRIM(D70) -> 68566341AB | D70: 68566341AB | E70: DT MCA CENTER BRACKET | F70: DT | G70: PLA | H70: 92.3076 | I70: 1779 | J70: 0 | K70: 7233 | L70: 11592 | M70: 3924 | N70: 5760 | O70: 6012 | P70: 5724 | Q70: 6192 | R70: 6300 | S70: 5832 | T70: 5976 | U70: 4932 | V70: 6012 | W70: 5292 | X70: 4572 | Y70: 5112 | Z70: 2700 | AA70: 1728 | AB70: 4932 | AC70: 4284 | AD70: 2952
A71: DFTAS | B71: DT002 | C71: =TRIM(D71) -> MEXICO68566341AB | D71: MEXICO68566341AB | E71: DT MCA CENTER BRACKET | F71: DT | G71: PLA | H71: 92.3076 | I71: 2023 | J71: 41 | K71: 2016 | L71: 2016 | M71: 4032 | N71: 2016 | O71: 4032 | P71: 0 | Q71: 0 | R71: 0 | S71: 0 | T71: 0 | U71: 0 | V71: 0 | W71: 0 | X71: 0 | Y71: 0 | Z71: 0 | AA71: 0 | AB71: 0 | AC71: 0 | AD71: 0
A72: DFTAS | B72: DT002 | C72: =TRIM(D72) -> MLD56030001AB | D72: MLD56030001AB | E72: DT MCA CENTER BRACKET SERVICE | F72: DT | G72: PLA | H72: 120 | I72: 14 | J72: 0 | K72: 598 | L72: 108 | M72: 144 | N72: 216 | O72: 144 | P72: 144 | Q72: 252 | R72: 216 | S72: 144 | T72: 432 | U72: 0 | V72: 216 | W72: 144 | X72: 360 | Y72: 144 | Z72: 0 | AA72: 144 | AB72: 252 | AC72: 288 | AD72: 216
A73: DFTAS | B73: G002L | C73: =TRIM(D73) -> 85824846 | D73: 85824846 | E73: BT1CC A-PILLAR UP LEVEL LH | F73: GM | G73: PLA | H73: 72 | I73: 117 | J73: 0 | K73: 58 | L73: 0 | M73: 0 | N73: 0 | O73: 140 | P73: 140 | Q73: 70 | R73: 70 | S73: 35 | T73: 35 | U73: 35 | V73: 70 | W73: 105 | X73: 35 | Y73: 140 | Z73: 0 | AA73: 71 | AB73: 71 | AC73: 36 | AD73: 105
A74: DFTAS | B74: G002R | C74: =TRIM(D74) -> 85755678 | D74: 85755678 | E74: BT1CC A Pillar Garn RH | F74: GM | G74: PLA | H74: 70.5882 | I74: 349 | J74: 0 | K74: 0 | L74: 0 | M74: 0 | N74: 0 | O74: 0 | P74: 106 | Q74: 140 | R74: 105 | S74: 105 | T74: 105 | U74: 105 | V74: 175 | W74: 175 | X74: 105 | Y74: 70 | Z74: 0 | AA74: 70 | AB74: 70 | AC74: 70 | AD74: 105
A75: DFTAS | B75: G002R | C75: =TRIM(D75) -> 85824848 | D75: 85824848 | E75: BT1CC A-PILLAR UP LEVEL RH | F75: GM | G75: PLA | H75: 72 | I75: 17 | J75: 0 | K75: 158 | L75: 0 | M75: 0 | N75: 0 | O75: 175 | P75: 105 | Q75: 105 | R75: 35 | S75: 35 | T75: 35 | U75: 70 | V75: 70 | W75: 70 | X75: 70 | Y75: 105 | Z75: 0 | AA75: 70 | AB75: 70 | AC75: 70 | AD75: 70
A76: DFTAS | B76: G003L | C76: =TRIM(D76) -> 85132153 | D76: 85132153 | E76: BT1CC SIDE SILL PLATE LH | F76: GM | G76: PLA | H76: 66.6667 | I76: 1601 | J76: 0 | K76: 0 | L76: 0 | M76: 0 | N76: 0 | O76: 0 | P76: 0 | Q76: 0 | R76: 0 | S76: 0 | T76: 71 | U76: 152 | V76: 152 | W76: 304 | X76: 152 | Y76: 304 | Z76: 0 | AA76: 0 | AB76: 152 | AC76: 152 | AD76: 152
A77: DFTAS | B77: G003R | C77: =TRIM(D77) -> 85132154 | D77: 85132154 | E77: BT1CC SIDE SILL PLATE RH | F77: GM | G77: PLA | H77: 66.6667 | I77: 818 | J77: 0 | K77: 0 | L77: 0 | M77: 0 | N77: 0 | O77: 0 | P77: 0 | Q77: 322 | R77: 0 | S77: 380 | T77: 0 | U77: 380 | V77: 0 | W77: 380 | X77: 0 | Y77: 380 | Z77: 0 | AA77: 0 | AB77: 380 | AC77: 0 | AD77: 0
A78: DFTAS | B78: G004L | C78: =TRIM(D78) -> 85058016 | D78: 85058016 | E78: BT1CC C-PILLAR UPR LH VALUE | F78: GM | G78: PLA | H78: 65.4545 | I78: 514 | J78: 0 | K78: 0 | L78: 0 | M78: 0 | N78: 0 | O78: 0 | P78: 0 | Q78: 158 | R78: 96 | S78: 120 | T78: 96 | U78: 96 | V78: 168 | W78: 144 | X78: 120 | Y78: 96 | Z78: 0 | AA78: 72 | AB78: 96 | AC78: 72 | AD78: 96
A79: DFTAS | B79: G004R | C79: =TRIM(D79) -> 85058020 | D79: 85058020 | E79: BT1CC C-PILLAR UPR RH VALUE | F79: GM | G79: PLA | H79: 65.4545 | I79: 444 | J79: 0 | K79: 0 | L79: 0 | M79: 0 | N79: 0 | O79: 0 | P79: 36 | Q79: 168 | R79: 120 | S79: 96 | T79: 120 | U79: 96 | V79: 144 | W79: 144 | X79: 120 | Y79: 96 | Z79: 0 | AA79: 96 | AB79: 72 | AC79: 96 | AD79: 96
A80: DFTAS | B80: G005L | C80: =TRIM(D80) -> 85701330 | D80: 85701330 | E80: BT1CC C-PLR UPR LH RST/ REFINE | F80: GM | G80: PLA | H80: 66.6666 | I80: 267 | J80: 0 | K80: 0 | L80: 0 | M80: 0 | N80: 0 | O80: 0 | P80: 81 | Q80: 72 | R80: 48 | S80: 36 | T80: 48 | U80: 48 | V80: 84 | W80: 96 | X80: 60 | Y80: 108 | Z80: 0 | AA80: 48 | AB80: 48 | AC80: 60 | AD80: 60
A81: DFTAS | B81: G005R | C81: =TRIM(D81) -> 85701332 | D81: 85701332 | E81: BT1CC C-PLR UPR RH RST/ REFINE | F81: GM | G81: PLA | H81: 66.6666 | I81: 572 | J81: 0 | K81: 0 | L81: 0 | M81: 0 | N81: 0 | O81: 0 | P81: 0 | Q81: 0 | R81: 0 | S81: 0 | T81: 0 | U81: 40 | V81: 72 | W81: 108 | X81: 48 | Y81: 120 | Z81: 0 | AA81: 48 | AB81: 48 | AC81: 60 | AD81: 60
... A107: DFTAS | B107: PA010 | C107: =TRIM(D107) -> N1WB 16L558 DB | D107: N1WB 16L558 DB | E107: P703 REAR SPLA SHIELD RH | F107: 703 | G107: PLA | H107: 90 | I107: 10 | J107: 0 | K107: 0 | L107: 0 | M107: 0 | N107: 0 | O107: 0 | P107: 0 | Q107: 0 | R107: 0 | S107: 0 | T107: 0 | U107: 0 | V107: 9 | W107: 0 | X107: 0 | Y107: 0 | Z107: 0 | AA107: 0 | AB107: 0 | AC107: 0 | AD107: 0
A108: DFTAS | B108: PA010 | C108: =TRIM(D108) -> N1WB 16L559 DB | D108: N1WB 16L559 DB | E108: P703 REAR SPLA SHIELD LH | F108: 703 | G108: PLA | H108: 90 | J108: 0 | K108: 0 | L108: 0 | M108: 0 | N108: 0 | O108: 0 | P108: 0 | Q108: 0 | R108: 0 | S108: 0 | T108: 0 | U108: 0 | V108: 24 | W108: 0 | X108: 0 | Y108: 0 | Z108: 0 | AA108: 0 | AB108: 0 | AC108: 0 | AD108: 0
A109: DFTAS | B109: PA010 | C109: =TRIM(D109) -> N1WB 16L559 FB | D109: N1WB 16L559 FB | E109: P703 REAR SPL SHI RAP LH | F109: 703 | G109: PLA | H109: 90 | J109: 0 | K109: 7 | L109: 0 | M109: 0 | N109: 0 | O109: 0 | P109: 0 | Q109: 0 | R109: 0 | S109: 0 | T109: 0 | U109: 0 | V109: 6 | W109: 0 | X109: 0 | Y109: 0 | Z109: 0 | AA109: 0 | AB109: 0 | AC109: 0 | AD109: 0
A110: DFTAS | B110: PA010 | C110: =TRIM(D110) -> N1WB 16L560 DC | D110: N1WB 16L560 DC | E110: P703 REAR SPLA SHIELD RH | F110: 703 | G110: PLA | H110: 82.5688 | I110: 18 | J110: 0 | K110: 0 | L110: 0 | M110: 2 | N110: 0 | O110: 0 | P110: 0 | Q110: 0 | R110: 0 | S110: 0 | T110: 0 | U110: 0 | V110: 0 | W110: 0 | X110: 0 | Y110: 0 | Z110: 23 | AA110: 0 | AB110: 0 | AC110: 0 | AD110: 0
A111: DFTAS | B111: PA010 | C111: =TRIM(D111) -> N1WB 16L561 DC | D111: N1WB 16L561 DC | E111: P703 REAR SPLA SHIELD LH | F111: 703 | G111: PLA | H111: 82.5688 | J111: 0 | K111: 0 | L111: 20 | M111: 0 | N111: 0 | O111: 0 | P111: 0 | Q111: 0 | R111: 0 | S111: 0 | T111: 0 | U111: 0 | V111: 22 | W111: 0 | X111: 0 | Y111: 0 | Z111: 0 | AA111: 0 | AB111: 0 | AC111: 0 | AD111: 0
A112: DFTAS | B112: PA010 | C112: =TRIM(D112) -> N1WB 16L561 FB | D112: N1WB 16L561 FB | E112: P703 REAR SPL SHI RAP LH | F112: 703 | G112: PLA | H112: 82.5688 | J112: 0 | K112: 6 | L112: 0 | M112: 0 | N112: 0 | O112: 0 | P112: 0 | Q112: 0 | R112: 0 | S112: 0 | T112: 0 | U112: 0 | V112: 5 | W112: 0 | X112: 0 | Y112: 0 | Z112: 0 | AA112: 0 | AB112: 0 | AC112: 0 | AD112: 0
A113: DFTAS | B113: PA012 | C113: =TRIM(D113) -> KB3B 2103513 BD31TB | D113: KB3B 2103513 BD31TB | E113: MLDG ASY W/SHLD GARN SD LH | F113: RAN | G113: PLA | H113: 72.5806 | J113: 0 | K113: 0 | L113: 0 | M113: 0 | N113: 0 | O113: 0 | P113: 0 | Q113: 0 | R113: 0 | S113: 0 | T113: 0 | U113: 0 | V113: 0 | W113: 0 | X113: 0 | Y113: 0 | Z113: 5 | AA113: 0 | AB113: 0 | AC113: 0 | AD113: 0
A114: DFTAS | B114: PA013 | C114: =TRIM(D114) -> N1WB E24396 CA31NB | D114: N1WB E24396 CA31NB | E114: P703 B PILLAR RH | F114: 703 | G114: PLA | H114: 64.2857 | I114: 1054 | J114: 0 | K114: 533 | L114: 1144 | M114: 897 | N114: 1046 | O114: 1344 | P114: 1200 | Q114: 730 | R114: 902 | S114: 1268 | T114: 1314 | U114: 1134 | V114: 1218 | W114: 1824 | X114: 1670 | Y114: 1920 | Z114: 1633 | AA114: 0 | AB114: 730 | AC114: 1824 | AD114: 1766
A115: DFTAS | B115: PA013 | C115: =TRIM(D115) -> N1WB E24396 CA3ZHE | D115: N1WB E24396 CA3ZHE | E115: P703 B PILLAR RH | F115: 703 | G115: PLA | H115: 64.2857 | I115: 656 | J115: 0 | K115: 0 | L115: 0 | M115: 0 | N115: 110 | O115: 96 | P115: 152 | Q115: 240 | R115: 240 | S115: 261 | T115: 268 | U115: 202 | V115: 182 | W115: 240 | X115: 240 | Y115: 318 | Z115: 258 | AA115: 0 | AB115: 96 | AC115: 260 | AD115: 268
A116: DFTAS | B116: PA014 | C116: =TRIM(D116) -> KB3B 26243C02 AG | D116: KB3B 26243C02 AG | E116: GID AIR CRTN CTR BDY PLR | F116: RAN | G116: PLA | H116: 121.2121 | I116: 910 | J116: 0 | K116: 1626 | L116: 1008 | M116: 1008 | N116: 1440 | O116: 1440 | P116: 1152 | Q116: 864 | R116: 1368 | S116: 1656 | T116: 1440 | U116: 1296 | V116: 1512 | W116: 2160 | X116: 2016 | Y116: 1944 | Z116: 1296 | AA116: 288 | AB116: 1296 | AC116: 2160 | AD116: 2016
A117: DFTAS | B117: PA014 | C117: =TRIM(D117) -> KB3B 26243C02 AG-01 | D117: KB3B 26243C02 AG-01 | E117: GID AIR CRTN CTR BDY PLR | F117: RAN | G117: PLA | H117: 121.2121 | J117: 3 | K117: 0 | L117: 0 | M117: 0 | N117: 0 | O117: 0 | P117: 0 | Q117: 0 | R117: 0 | S117: 0 | T117: 0 | U117: 0 | V117: 0 | W117: 0 | X117: 0 | Y117: 0 | Z117: 0 | AA117: 0 | AB117: 0 | AC117: 0 | AD117: 0
A118: DFTAS | B118: PA014 | C118: =TRIM(D118) -> KB3B 26243C03 AG | D118: KB3B 26243C03 AG | E118: GID AIR CRTN CTR BDY PLR LH | F118: RAN | G118: PLA | H118: 121.2121 | I118: 1166 | J118: 274 | K118: 1440 | L118: 576 | M118: 1440 | N118: 1440 | O118: 1440 | P118: 864 | Q118: 576 | R118: 1440 | S118: 1451 | T118: 1440 | U118: 1440 | V118: 2016 | W118: 2304 | X118: 1440 | Y118: 2016 | Z118: 1728 | AA118: 0 | AB118: 1152 | AC118: 2304 | AD118: 2016
A119: DFTAS | B119: PA014 | C119: =TRIM(D119) -> KB3B 26243C03 AG-01 | D119: KB3B 26243C03 AG-01 | E119: GID AIR CRTN CTR BDY PLR LH | F119: RAN | G119: PLA | H119: 121.2121 | J119: 3 | K119: 0 | L119: 0 | M119: 0 | N119: 0 | O119: 0 | P119: 0 | Q119: 0 | R119: 0 | S119: 0 | T119: 0 | U119: 0 | V119: 0 | W119: 0 | X119: 0 | Y119: 0 | Z119: 0 | AA119: 0 | AB119: 0 | AC119: 0 | AD119: 0
A120: DFTAS | B120: PA022 | C120: =TRIM(D120) -> N1WB E24592 CB3ZHE | D120: N1WB E24592 CB3ZHE | E120: P703 CVR CTR BDY PLR CTR | F120: 703 | G120: PLA | H120: 90 | I120: 966 | J120: 0 | K120: 934 | L120: 1330 | M120: 1010 | N120: 1180 | O120: 1420 | P120: 1380 | Q120: 990 | R120: 1120 | S120: 1510 | T120: 1580 | U120: 1310 | V120: 1410 | W120: 2080 | X120: 1910 | Y120: 2260 | Z120: 1860 | AA120: 0 | AB120: 820 | AC120: 2070 | AD120: 2020
A121: DFTAS | B121: PA023 | C121: =TRIM(D121) -> N1WB E403A86 AH3ZHE | D121: N1WB E403A86 AH3ZHE | E121: P703 PNL ASY BK TR UPR | F121: 703 | G121: PLA | H121: 180 | I121: 1023 | J121: 0 | K121: 251 | L121: 1470 | M121: 980 | N121: 1078 | O121: 1274 | P121: 1666 | Q121: 980 | R121: 980 | S121: 1372 | T121: 1568 | U121: 1666 | V121: 882 | W121: 2058 | X121: 2156 | Y121: 1666 | Z121: 3038 | AA121: 0 | AB121: 0 | AC121: 2156 | AD121: 2058
A122: DFTAS | B122: PA023 | C122: =TRIM(D122) -> N1WB E403A86 HB3ZHE | D122: N1WB E403A86 HB3ZHE | E122: P703 PNL ASY BK TR UPR | F122: 703 | G122: PLA | H122: 180 | J122: 0 | K122: 0 | L122: 0 | M122: 0 | N122: 0 | O122: 0 | P122: 0 | Q122: 0 | R122: 0 | S122: 0 | T122: 5 | U122: 0 | V122: 0 | W122: 42 | X122: 0 | Y122: 0 | Z122: 0 | AA122: 0 | AB122: 0 | AC122: 0 | AD122: 0
A123: DFTAS | B123: PA026 | C123: =TRIM(D123) -> KB3B 2616G040 AE3ZHE | D123: KB3B 2616G040 AE3ZHE | E123: STWG FRT FLR RR | F123: RAN | G123: PLA | H123: 75.4716 | I123: 692 | J123: 0 | K123: 1198 | L123: 1350 | M123: 972 | N123: 1188 | O123: 1458 | P123: 1368 | Q123: 954 | R123: 1152 | S123: 1530 | T123: 1530 | U123: 1314 | V123: 1422 | W123: 2070 | X123: 1926 | Y123: 2250 | Z123: 1836 | AA123: 0 | AB123: 828 | AC123: 2070 | AD123: 2034
A124: DFTAS | B124: PA026 | C124: =TRIM(D124) -> KB3B 2616G041 AE3ZHE | D124: KB3B 2616G041 AE3ZHE | E124: STWG FRT FLR RR LH | F124: RAN | G124: PLA | H124: 75.4716 | I124: 448 | J124: 0 | K124: 1262 | L124: 1296 | M124: 1026 | N124: 1188 | O124: 1422 | P124: 1350 | Q124: 1008 | R124: 1116 | S124: 1512 | T124: 1584 | U124: 1314 | V124: 1422 | W124: 2070 | X124: 1926 | Y124: 2250 | Z124: 1836 | AA124: 0 | AB124: 828 | AC124: 2070 | AD124: 1998
A125: DFTAS | B125: PA13L | C125: =TRIM(D125) -> N1WB E24397 CA31NB | D125: N1WB E24397 CA31NB | E125: P703 B PILLAR LH | F125: 703 | G125: PLA | H125: 64.2857 | I125: 641 | J125: 0 | K125: 1090 | L125: 1096 | M125: 854 | N125: 1026 | O125: 1336 | P125: 1228 | Q125: 730 | R125: 902 | S125: 1268 | T125: 1314 | U125: 1134 | V125: 1200 | W125: 1814 | X125: 1698 | Y125: 1920 | Z125: 1584 | AA125: 0 | AB125: 730 | AC125: 1824 | AD125: 1766
A126: DFTAS | B126: PA13L | C126: =TRIM(D126) -> N1WB E24397 CA3ZHE | D126: N1WB E24397 CA3ZHE | E126: P703 B PILLAR LH | F126: 703 | G126: PLA | H126: 64.2857 | I126: 413 | J126: 0 | K126: 0 | L126: 83 | M126: 144 | N126: 126 | O126: 96 | P126: 152 | Q126: 240 | R126: 240 | S126: 260 | T126: 268 | U126: 202 | V126: 182 | W126: 240 | X126: 240 | Y126: 318 | Z126: 258 | AA126: 0 | AB126: 96 | AC126: 260 | AD126: 268
...

Sheet Sheet4
B1: Inventory QOH w/Days OH (excluding MRO) - FDDAT
B2: MRP Demand Days: 90
A3: Part Number | B3: Part Number | C3: Part CstVnd Part Number | D3: Part Description 1 | E3: Part Description 2 | F3: Part Description 3 | G3: PP Status | H3: Part CstVnd Code | I3: Vendor Name | J3: Part Major Group | K3: Part Minor Group | L3: Part CCC | M3: Part GL Exp Code | N3: Part Type | O3: Plant Code | P3: Qty On Hand | Q3: UoM | R3: Days On Hand | S3: MRP Demand Qty | T3: Act Avg Daily Demand | U3: Est Daily Demand | V3: Days On Hand (Act/Est) | W3: Run Out Date w weekend days | X3: Run Out Date skip weekend
A4: =TRIM(B4) -> 68566341AB | B4: 68566341AB | C4: 68566341AB | D4: DT MCA CENTER BRACKET | F4: 37977 | G4: A | J4: DT | K4: PLA | M4: FGP | N4: Mfg | O4: DFT | P4: 1779 | Q4: EA | R4: 1.4639566 | S4: 78120 | T4: 1215.2 | U4: 0 | V4: 1.4639566 | W4: 46088 | X4: 46090
A5: =TRIM(B5) -> 68618402AA | B5: 68618402AA | C5: 68618402AA | D5: WS TOW HOOK BOOT AERO PRE RH | E5: SB43/180 | F5: 43184 | G5: A | H5: XFNGFY | J5: WS | K5: PLA | M5: FGP | N5: Mfg | O5: DFT | P5: 150 | Q5: EA | R5: 1.6233766 | S5: 5940 | T5: 92.4 | U5: 0 | V5: 1.6233766 | W5: 46088 | X5: 46090
A6: =TRIM(B6) -> 85824848 | B6: 85824848 | C6: 85824848 | D6: BT1CC A-PILLAR UP LEVEL RH | E6: 216 | F6: 36802 | G6: A | H6: GMC01010 | J6: GM | K6: PLA | M6: FGP | N6: Mfg | O6: DFT | P6: 17 | Q6: EA | R6: 1.3575865 | S6: 805 | T6: 12.522222 | U6: 0 | V6: 1.3575865 | W6: 46088 | X6: 46090
A7: =TRIM(B7) -> 85861637 | B7: 85861637 | C7: 85861637 | D7: BT1CC BRKT-AIRBAG SI IMP SEN | G7: A | J7: GM | K7: MTL | M7: FGP | N7: Mfg | O7: DFT | P7: 360 | Q7: EA | R7: 3.2142857 | S7: 7200 | T7: 112 | U7: 0 | V7: 3.2142857 | W7: 46090 | X7: 46090
A8: =TRIM(B8) -> ASYCS14A18OS | B8: ASYCS14A18OS | C8: M2DB-S444A18-AA | D8: U725 BRKT STRUT TL GT | F8: MB2/1000 ROW 99 | G8: A | J8: BRN | K8: MTL | M8: WIP | N8: Mfg | O8: DFT | P8: 1377 | Q8: EA | R8: 1.9602168 | S8: 45159 | T8: 702.47333 | U8: 0 | V8: 1.9602168 | W8: 46088 | X8: 46090
A9: =TRIM(B9) -> ASYE025B85B | B9: ASYE025B85B | C9: N1WB-E03513-EAW | D9: P703 TWTR CVR BRANDED ASSY LH | G9: A | H9: FRD01020 | J9: 703 | K9: PLA | M9: WIP | N9: Mfg | O9: DFT | P9: 205 | Q9: EA | R9: 3.0590927 | S9: 4308 | T9: 67.013333 | U9: 0 | V9: 3.0590927 | W9: 46090 | X9: 46090
A10: =TRIM(B10) -> ASYE23900ABP | B10: ASYE23900ABP | C10: N1WB E23942 | D10: P703 BLACK PACK VERSION. | F10: ROW XXXX | G10: A | J10: 703 | K10: PLA | M10: WIP | N10: Mfg | O10: DFT | P10: 31 | Q10: EA | R10: 1.5866697 | S10: 1256 | T10: 19.537778 | U10: 0 | V10: 1.5866697 | W10: 46088 | X10: 46090
A11: =TRIM(B11) -> ASYE23900ASE | B11: ASYE23900ASE | C11: N1WB-E23942-BAW | D11: P703 Soho Ebony W/ Urban Gray | E11: Stitch N1WB-E23900-A-PIA-03 | F11: ROW XXXX | G11: A | J11: 703 | K11: PLA | M11: WIP | N11: Mfg | O11: DFT | P11: 26 | Q11: EA | R11: 1.0960187 | S11: 1525 | T11: 23.722222 | U11: 0 | V11: 1.0960187 | W11: 46088 | X11: 46090
A12: =TRIM(B12) -> ASYE23901ABP | B12: ASYE23901ABP | C12: N1WB-E23943 | D12: P703 BLACK PACK VERSION | E12: Stitch | F12: ROW XXXX | G12: A | J12: 703 | K12: PLA | M12: WIP | N12: Mfg | O12: DFT | P12: 54 | Q12: EA | R12: 2.7638763 | S12: 1256 | T12: 19.537778 | U12: 0 | V12: 2.7638763 | W12: 46089 | X12: 46090
A13: =TRIM(B13) -> ASYE23901ASE | B13: ASYE23901ASE | C13: N1WB-E23943-KAW | D13: P703 Soho Ebony W/ Urban Gray | E13: Stitch N1WB-E23901-A-PIA-03 | F13: ROW XXXX | G13: A | J13: 703 | K13: PLA | M13: WIP | N13: Mfg | O13: DFT | P13: 47 | Q13: EA | R13: 1.9696405 | S13: 1534 | T13: 23.862222 | U13: 0 | V13: 1.9696405 | W13: 46088 | X13: 46090
A14: =TRIM(B14) -> ASYE23901ATS | B14: ASYE23901ATS | C14: N1WB-E23943-YAW/ZAW | D14: P703 Terra Suede Ebony W/ BLK | E14: Stitch L N1WB-E23901-A-PIA-03 | F14: ROW XXXX | G14: A | J14: 703 | K14: PLA | M14: WIP | N14: Mfg | O14: DFT | P14: 43 | Q14: EA | R14: 1.0701842 | S14: 2583 | T14: 40.18 | U14: 0 | V14: 1.0701842 | W14: 46088 | X14: 46090
A15: =TRIM(B15) -> ASYHS111K35W20 | B15: ASYHS111K35W20 | C15: MB3B-58111K48-CB | D15: U725/P703 K35-W20 NUT WELD ASY | E15: DET58111K35 | F15: ROW 268 MB4/1200 | G15: A | H15: FRD01012 | J15: BRN | K15: MTL | M15: WIP | N15: Mfg | O15: DFT | P15: 3417 | Q15: EA | R15: 3.6013491 | S15: 60995 | T15: 948.81111 | U15: 0 | V15: 3.6013491 | W15: 46090 | X15: 46090
A16: =TRIM(B16) -> ASYHS20777W14P703 | B16: ASYHS20777W14P703 | C16: MB3B 5810693 AA | D16: P703 NUT WELD SUB ASSY | E16: PUR 5810777 AC | F16: ROW419-W14 | G16: A | H16: FRD01012 | J16: 703 | K16: MTL | M16: WIP | N16: Mfg | O16: DFT | P16: 1951 | Q16: EA | R16: 2.03385 | S16: 61667 | T16: 959.26444 | U16: 0 | V16: 2.03385 | W16: 46089 | X16: 46090
A17: =TRIM(B17) -> ASYHS24B02W21W22 | B17: ASYHS24B02W21W22 | C17: P1WB E280A54_55 A | D17: P703 HS2-4B02-W21-W22 NUT WLD | F17: ROW303F-303G-W21-W22-MB2 | G17: A | H17: FRD01012 | J17: 703 | K17: MTL | M17: WIP | N17: Mfg | O17: DFT | P17: 1669 | Q17: EA | R17: 2.8261737 | S17: 37964 | T17: 590.55111 | U17: 0 | V17: 2.8261737 | W17: 46089 | X17: 46090
A18: =TRIM(B18) -> ASYHS25A65W2 | B18: ASYHS25A65W2 | C18: KB3B 2610020 A | D18: HS2-5A65-W2 NUT WELD SUB ASSY | E18: KB3B 26625A65 A | F18: ROW395-W2-MB4 | G18: A | H18: FRD01012 | J18: 703 | K18: MTL | M18: WIP | N18: Mfg | O18: DFT | P18: 431 | Q18: EA | R18: 1.5801952 | S18: 17534 | T18: 272.75111 | U18: 0 | V18: 1.5801952 | W18: 46088 | X18: 46090
A19: =TRIM(B19) -> ASYHS30776W14P703 | B19: ASYHS30776W14P703 | C19: MB3B 5810692 AA | D19: P703 NUT WELD SUB ASSY | E19: PUR 5810776 AC | F19: ROW420-W14 | G19: A | H19: FRD01012 | J19: 703 | K19: MTL | M19: WIP | N19: Mfg | O19: DFT | P19: 1223 | Q19: EA | R19: 1.2749352 | S19: 61667 | T19: 959.26444 | U19: 0 | V19: 1.2749352 | W19: 46088 | X19: 46090
A20: =TRIM(B20) -> ASYHS40522W21W22 | B20: ASYHS40522W21W22 | C20: P1WB E280A54_55 BA | D20: P703 HS4 0522 W21W22 WELD ASY | E20: N1WB E10522A SUB ASSEMBLY | F20: ROW316-HS4-W21W22-MB4 | G20: A | H20: FRD01012 | J20: 703 | K20: MTL | M20: WIP | N20: Mfg | O20: DFT | P20: 1483 | Q20: EA | R20: 2.5112136 | S20: 37964 | T20: 590.55111 | U20: 0 | V20: 2.5112136 | W20: 46089 | X20: 46090
A21: =TRIM(B21) -> ASYHS49D59W16 | B21: ASYHS49D59W16 | C21: P1WB-E280A55-BA | D21: P703 HS4 9D59 W21 NUT SUB ASSY | E21: P1WB E279D59 AA | F21: ROW64A-W21-MB4 | G21: A | H21: FRD01012 | J21: 703 | K21: MTL | M21: WIP | N21: Mfg | O21: DFT | P21: 1142 | Q21: EA | R21: 3.9214938 | S21: 18721 | T21: 291.21556 | U21: 0 | V21: 3.9214938 | W21: 46090 | X21: 46090
A22: =TRIM(B22) -> ASYHS52C05W16P703 | B22: ASYHS52C05W16P703 | C22: MB3B 5810699 BA | D22: P703 HS5-2C05-W16 NUT WELD | E22: MB3B 58112C05 AA | F22: ROW158-W16-2-MB4 | G22: A | H22: FRD01000 | J22: 703 | K22: MTL | M22: WIP | N22: Mfg | O22: DFT | P22: 2974 | Q22: EA | R22: 3.1092164 | S22: 61490 | T22: 956.51111 | U22: 0 | V22: 3.1092164 | W22: 46090 | X22: 46090
A23: =TRIM(B23) -> ASYHS52K76W16P703 | B23: ASYHS52K76W16P703 | C23: MB3B 5810698 AE | D23: P703 HS5-2K76-W16 NUT WELD ASY | E23: MB3B 58112K76 A | F23: ROW160-W16-2-MB4 | G23: A | H23: FRD01000 | J23: 703 | K23: MTL | M23: WIP | N23: Mfg | O23: DFT | P23: 1979 | Q23: EA | R23: 2.0646126 | S23: 61620 | T23: 958.53333 | U23: 0 | V23: 2.0646126 | W23: 46089 | X23: 46090
A24: =TRIM(B24) -> ASYHS52K77W16P703 | B24: ASYHS52K77W16P703 | C24: MB3B 5810699 BA | D24: P703 HS5-2K77-W16 NUT WELD ASY | E24: MB3B 58112K77 A | F24: ROW161-W16-2-MB4 | G24: A | H24: FRD01000 | J24: 703 | K24: MTL | M24: WIP | N24: Mfg | O24: DFT | P24: 1313 | Q24: EA | R24: 1.3726971 | S24: 61490 | T24: 956.51111 | U24: 0 | V24: 1.3726971 | W24: 46088 | X24: 46090
A25: =TRIM(B25) -> ASYHS69A30W15P703 | B25: ASYHS69A30W15P703 | C25: N1WB E412A04 CB | D25: P703 HS6-9A30-W15 NUT WELD ASY | E25: N1WB E279A30 C | F25: ROW422 | G25: A | H25: FRD01000 | J25: 703 | K25: MTL | M25: WIP | N25: Mfg | O25: DFT | P25: 1099 | Q25: EA | R25: 3.9604238 | S25: 17839 | T25: 277.49556 | U25: 0 | V25: 3.9604238 | W25: 46090 | X25: 46090
A26: =TRIM(B26) -> ASYHS77A96W14P703 | B26: ASYHS77A96W14P703 | C26: MB3B 5810692 AA | D26: P703 HS7-7A96-W14 WELD ASY | E26: MB3B 58107A96 A | F26: ROW 442-W14 | G26: A | H26: FRD01000 | J26: 703 | K26: MTL | M26: WIP | N26: Mfg | O26: DFT | P26: 2295 | Q26: EA | R26: 2.3924581 | S26: 61667 | T26: 959.26444 | U26: 0 | V26: 2.3924581 | W26: 46089 | X26: 46090
A27: =TRIM(B27) -> ASYHS81753W2 | B27: ASYHS81753W2 | C27: KB3B 2610020 A | D27: HS8-1753-W2 NUT WELD SUB ASSY | E27: KB3B 2611753 A | F27: ROW 394-W2-MB4 | G27: A | H27: FRD01012 | J27: RAN | K27: MTL | M27: WIP | N27: Mfg | O27: DFT | P27: 3118 | Q27: EA | R27: 3.8105558 | S27: 52602 | T27: 818.25333 | U27: 0 | V27: 3.8105558 | W27: 46090 | X27: 46090
A28: =TRIM(B28) -> ASYMS10723OS | B28: ASYMS10723OS | C28: MB3B-10723-A/G | D28: P703 BATTERY TRAY SUB ASSEMBLY | E28: DETROIT TO XCEL | F28: ROW 129&130 | G28: A | J28: 703 | K28: MTL | M28: WIP | N28: Mfg | O28: DFT | P28: 951 | Q28: EA | R28: 3.240867 | S28: 18864 | T28: 293.44 | U28: 0 | V28: 3.240867 | W28: 46090 | X28: 46090
A29: =TRIM(B29) -> ASYMS20K50W14 | B29: ASYMS20K50W14 | C29: KB3B 2110692 AA | D29: MS2-0K50-W14 MIG WELD SUB ASSY | E29: KB3B 21000K50 A | F29: ROW284-W14-MB2 | G29: A | J29: RAN | K29: MTL | M29: WIP | N29: Mfg | O29: DFT | P29: 6604 | Q29: EA | R29: 2.680161 | S29: 158402 | T29: 2464.0311 | U29: 0 | V29: 2.680161 | W29: 46089 | X29: 46090
A30: =TRIM(B30) -> ASYPW20116W13HV | B30: ASYPW20116W13HV | C30: KB3B 2610110 AB | D30: PW2-0116-W13 STUD WELD SUB ASY | E30: KB3B 2610116 A | F30: ROW306-W13-MB4 HV | G30: A | H30: FRD01000 | J30: RAN | K30: MTL | M30: WIP | N30: Mfg | O30: DFT | P30: 585 | Q30: EA | R30: 2.1588486 | S30: 17420 | T30: 270.97778 | U30: 0 | V30: 2.1588486 | W30: 46089 | X30: 46090
A31: =TRIM(B31) -> ASYPW31530W1 | B31: ASYPW31530W1 | C31: KB3B 21021A40 AA | D31: PW3-1530-W1 NUT WELD SUB ASSY | E31: KB3B 2101530 A | F31: ROW303C-W1-MB4 | G31: A | H31: FRD01000 | J31: RAN | K31: MTL | M31: WIP | N31: Mfg | O31: DFT | P31: 628 | Q31: EA | R31: 2.1205709 | S31: 19038 | T31: 296.14667 | U31: 0 | V31: 2.1205709 | W31: 46089 | X31: 46090
A32: =TRIM(B32) -> ASYPW50723MS1 | B32: ASYPW50723MS1 | C32: MB3B 10723 A_G PIA 02 | D32: P703 PW5-0723-MIGSUB 1 SUBASY | E32: MB3B 10723 A&G PIA 02 | F32: ROW441-MIGSUB-1-MB4 | G32: A | H32: FRD01000 | J32: 703 | K32: MTL | M32: WIP | N32: Mfg | O32: DFT | P32: 332 | Q32: EA | R32: 1.068639 | S32: 19972 | T32: 310.67556 | U32: 0 | V32: 1.068639 | W32: 46088 | X32: 46090
A33: =TRIM(B33) -> ASYPW50K21W15P703 | B33: ASYPW50K21W15P703 | C33: N1WB E412A05 CB | D33: P703 PW5-0K20-W15-1 SUB ASSY | E33: N1WB E410K21 AA | F33: ROW301A-MB2 | G33: A | H33: FRD01000 | J33: 703 | K33: MTL | M33: WIP | N33: Mfg | O33: DFT | P33: 837 | Q33: EA | R33: 3.1431242 | S33: 17119 | T33: 266.29556 | U33: 0 | V33: 3.1431242 | W33: 46090 | X33: 46090
A34: =TRIM(B34) -> ASYW150786W16 | B34: ASYW150786W16 | C34: P1WB-E280A54_55 BA | D34: P703 W15 0786 W16 SUB ASY | E34: P1WB E10786 B | F34: ROW303H-W22-MB2-700 | G34: A | H34: FRD01012 | J34: 703 | K34: MTL | M34: WIP | N34: Mfg | O34: DFT | P34: 2099 | Q34: EA | R34: 3.6049188 | S34: 37431 | T34: 582.26 | U34: 0 | V34: 3.6049188 | W34: 46090 | X34: 46090
A35: =TRIM(B35) -> ASYW160A25W21 | B35: ASYW160A25W21 | C35: P1WB-E280A55-BA | D35: P703 W16 0A25 W22 SUB ASY | E35: P1WB E200A25 AA | F35: ROW352-W21-MB4 | G35: A | H35: FRD01012 | J35: 703 | K35: MTL | M35: WIP | N35: Mfg | O35: DFT | P35: 1002 | Q35: EA | R35: 3.3896903 | S35: 19003 | T35: 295.60222 | U35: 0 | V35: 3.3896903 | W35: 46090 | X35: 46090
A36: =TRIM(B36) -> ASYW20506W15 | B36: ASYW20506W15 | C36: KB3B 26403E32 AD | D36: W2-00506-W16 MIG WELD SUB ASSY | E36: KB3B 2640506 A | F36: ROW 162-W15-MB2 | G36: A | H36: FRD01000 | J36: RAN | K36: MTL | M36: WIP | N36: Mfg | O36: DFT | P36: 363 | Q36: EA | R36: 1.3863075 | S36: 16833 | T36: 261.84667 | U36: 0 | V36: 1.3863075 | W36: 46088 | X36: 46090
A37: =TRIM(B37) -> BLKBR58111K36 | B37: BLKBR58111K36 | D37: GAGE=.031" W=54.134 P=19.8819" | E37: BLK WT=11.34 LB RE INF FLR TNL | F37: WSS-M1A368-A14 CRDP800 50G50G | G37: A | J37: BRN | K37: MTL | M37: PC | N37: Mfg | O37: DFT | P37: 2911 | Q37: EA | R37: 3.3527853 | S37: 55815 | T37: 868.23333 | U37: 0 | V37: 3.3527853 | W37: 46090 | X37: 46090
A38: =TRIM(B38) -> BT1CC009 | B38: BT1CC009 | C38: BT1CC009 | D38: BT1CC HEADLINER BACK PLATE RH | E38: RST REFINE 85154947 | F38: 36819 | G38: A | H38: DAIM0101 | J38: GM | K38: PLA | M38: FGP | N38: Mfg | O38: DFT | P38: 33 | Q38: EA | R38: 3.3997253 | S38: 624 | T38: 9.7066667 | U38: 0 | V38: 3.3997253 | W38: 46090 | X38: 46090
A39: =TRIM(B39) -> C0240302 | B39: C0240302 | C39: 84489303 | D39: T1XX CC EXT BRKT LH | E39: 84489303 BATTLE CREEK | F39: DETROIT DOCK | G39: A | H39: XFNGBC | J39: GM | K39: MTL | M39: FGP | N39: Mfg | O39: DFT | P39: 11073 | Q39: EA | R39: 3.9111852 | S39: 182000 | T39: 2831.1111 | U39: 0 | V39: 3.9111852 | W39: 46090 | X39: 46090
A40: =TRIM(B40) -> DET17A040A | B40: DET17A040A | C40: MB3B-2610020-AA | D40: P703 JACK BRCKT | F40: ROW 267 MB2/2200 | G40: A | J40: 703 | K40: MTL | M40: WIP | N40: Mfg | O40: DFT | P40: 345 | Q40: EA | R40: 1.6343826 | S40: 13570 | T40: 211.08889 | U40: 0 | V40: 1.6343826 | W40: 46088 | X40: 46090
A41: =TRIM(B41) -> DET2102892MB | B41: DET2102892MB | C41: MB3B-21016A22-AA | D41: P703 BRKT CWL TOP TO DH | E41: MB3B 2102892-A | F41: ROW 460 MB4/1000 | G41: A | H41: FRD01000 | J41: 703 | K41: MTL | M41: WIP | N41: Mfg | O41: DFT | P41: 932 | Q41: EA | R41: 3.8313266 | S41: 15638 | T41: 243.25778 | U41: 0 | V41: 3.8313266 | W41: 46090 | X41: 46090
A42: =TRIM(B42) -> DET2610116A | B42: DET2610116A | C42: KB3B 2610110 A | D42: MBR FLR SD INR | E42: KB3B 2610111 AC | F42: ROW188B-PW2-W13 | G42: A | H42: FRD01000 | J42: RAN | K42: MTL | M42: WIP | N42: Mfg | O42: DFT | P42: 885 | Q42: EA | R42: 3.3957776 | S42: 16754 | T42: 260.61778 | U42: 0 | V42: 3.3957776 | W42: 46090 | X42: 46090
A43: =TRIM(B43) -> DET2610117A | B43: DET2610117A | C43: KB3B 2610111 AB | D43: MBR FLR SD INR | E43: KB3B 2610110 AC | F43: ROW187B-PW2-W13 | G43: A | H43: FRD01000 | J43: RAN | K43: MTL | M43: WIP | N43: Mfg | O43: DFT | P43: 262 | Q43: EA | R43: 1.0131651 | S43: 16624 | T43: 258.59556 | U43: 0 | V43: 1.0131651 | W43: 46088 | X43: 46090
A44: =TRIM(B44) -> DET2610130A | B44: DET2610130A | C44: KB3B 2610128 AB | D44: PNL BDY RKR | E44: KB3B 2610130 A | F44: ROW45-W12-MB8 | G44: A | H44: FRD01000 | J44: RAN | K44: MTL | M44: WIP | N44: Mfg | O44: DFT | P44: 1002 | Q44: EA | R44: 3.7276786 | S44: 17280 | T44: 268.8 | U44: 0 | V44: 3.7276786 | W44: 46090 | X44: 46090
A45: =TRIM(B45) -> DET2613110A | B45: DET2613110A | C45: MB3B 2610020 A | D45: FILL RR FLR TO R RR ST SUT RIS | E45: MB3B 2610020 A | F45: ROW424-MIGSUB1-MB4 | G45: A | H45: FRD01000 | J45: RAN | K45: MTL | M45: WIP | N45: Mfg | O45: DFT | P45: 628 | Q45: EA | R45: 2.5338247 | S45: 15933 | T45: 247.84667 | U45: 0 | V45: 2.5338247 | W45: 46089 | X45: 46090
A46: =TRIM(B46) -> DET26625A65A | B46: DET26625A65A | C46: KB3B-2110020-AD | D46: REINF RR ST TO FLR SUPT | E46: KB3B 26625A65 A | F46: ROW69B-HS1-MB6 | G46: A | H46: FRD01000 | J46: RAN | K46: MTL | M46: WIP | N46: Mfg | O46: DFT | P46: 1050 | Q46: EA | R46: 3.9556962 | S46: 17064 | T46: 265.44 | U46: 0 | V46: 3.9556962 | W46: 46090 | X46: 46090
A47: =TRIM(B47) -> DET2K004OS | B47: DET2K004OS | D47: SHLD BRK DSC SPLS | F47: ROW-245 | G47: A | J47: RAN | K47: MTL | M47: WIP | N47: Mfg | O47: DFT | P47: 3394 | Q47: EA | R47: 3.8736922 | S47: 56325 | T47: 876.16667 | U47: 0 | V47: 3.8736922 | W47: 46090 | X47: 46090
A48: =TRIM(B48) -> DET5811271 | B48: DET5811271 | C48: MB3B-58111K48-BB | D48: U725 REINF FLR PAN FRT | F48: MB2/3000 ROW 273 | G48: A | H48: FRD01012 | J48: BRN | K48: MTL | M48: WIP | N48: Mfg | O48: DFT | P48: 3640 | Q48: EA | R48: 3.83638 | S48: 60995 | T48: 948.81111 | U48: 0 | V48: 3.83638 | W48: 46090 | X48: 46090
A49: =TRIM(B49) -> DET58112K76A | B49: DET58112K76A | C49: MB3B 5810698 AE | D49: P703 PLT FRT ST MTNG RR | E49: MB3B 58112K76 A | F49: ROW138A-HS5-MB4 | G49: A | H49: FRD01000 | J49: 703 | K49: MTL | M49: WIP | N49: Mfg | O49: DFT | P49: 1556 | Q49: EA | R49: 1.6974134 | S49: 58930 | T49: 916.68889 | U49: 0 | V49: 1.6974134 | W49: 46088 | X49: 46090
A50: =TRIM(B50) -> DET58112K77A | B50: DET58112K77A | C50: MB3B 5810699 BA | D50: P703 PLT FRT ST MTNG RR | E50: MB3B 58112K77 A | F50: ROW137A-HS5-MB4 | G50: A | H50: FRD01000 | J50: 703 | K50: MTL | M50: WIP | N50: Mfg | O50: DFT | P50: 923 | Q50: EA | R50: 1.0033772 | S50: 59136 | T50: 919.89333 | U50: 0 | V50: 1.0033772 | W50: 46088 | X50: 46090
A51: =TRIM(B51) -> DET5B852 | B51: DET5B852 | C51: MB3C-5B852-AC | D51: U725 SHLD LNK RR SUSP | F51: MB2/1000 ROW 184B | G51: A | H51: FRD01012 | J51: BRN | K51: MTL | M51: WIP | N51: Mfg | O51: DFT | P51: 1961 | Q51: EA | R51: 3.4924725 | S51: 36096 | T51: 561.49333 | U51: 0 | V51: 3.4924725 | W51: 46090 | X51: 46090
A52: =TRIM(B52) -> DET68424074 | B52: DET68424074 | C52: PC.WL68424074 | D52: WL REAR SHEAR PLATE MTG OTR RT | F52: ROW 135A CC71/600 | G52: A | H52: XFNGFY | J52: WL | K52: MTL | M52: WIP | N52: Mfg | O52: DFT | P52: 1012 | Q52: EA | R52: 2.6272976 | S52: 24762 | T52: 385.18667 | U52: 0 | V52: 2.6272976 | W52: 46089 | X52: 46090
A53: =TRIM(B53) -> DET68431601 | B53: DET68431601 | C53: PC.WL68431601 | D53: WL BRKT SUP CNT BEARING LT | F53: ROW 26 CC71/1500 | G53: A | H53: XFNGFY | J53: WL | K53: MTL | M53: WIP | N53: Mfg | O53: DFT | P53: 913 | Q53: EA | R53: 2.05781 | S53: 28522 | T53: 443.67556 | U53: 0 | V53: 2.05781 | W53: 46089 | X53: 46090
A54: =TRIM(B54) -> DET8A297PIA02OS | B54: DET8A297PIA02OS | C54: DET8A297PIA02OS | D54: U625 HYBRID CRSS MBR BKT LH | F54: DETROIT DOCK | G54: A | J54: 625 | K54: MTL | M54: FGP | N54: Mfg | O54: DFT | P54: 1671 | Q54: EA | R54: 1.4134398 | S54: 76000 | T54: 1182.2222 | U54: 0 | V54: 1.4134398 | W54: 46088 | X54: 46090
A55: =TRIM(B55) -> DETE10832A | B55: DETE10832A | C55: N1WB-E106B46-AC | D55: P703 REINF RR FLR CS #2 | F55: ROW 440 MB2/400 | G55: A | H55: FRD01000 | J55: 703 | K55: MTL | M55: WIP | N55: Mfg | O55: DFT | P55: 1176 | Q55: EA | R55: 2.2183099 | S55: 34080 | T55: 530.13333 | U55: 0 | V55: 2.2183099 | W55: 46089 | X55: 46090
A56: =TRIM(B56) -> DETE200L76A | B56: DETE200L76A | C56: P1WB-E280A54-BA | D56: P703 BRKT BDY SD STE RR RH | E56: N1WB E200L76A | F56: ROW146B-HS4-MB4 | G56: A | H56: FRD01012 | J56: 703 | K56: MTL | M56: WIP | N56: Mfg | O56: DFT | P56: 669 | Q56: EA | R56: 2.7023024 | S56: 15915 | T56: 247.56667 | U56: 0 | V56: 2.7023024 | W56: 46089 | X56: 46090
A57: =TRIM(B57) -> DETE280K21AB | B57: DETE280K21AB | C57: N1WB-E412A05-CA | D57: P703 PLT BDY SD TOP RL ANC LH | F57: ROW 287 MB2/1000 | G57: A | J57: 703 | K57: MTL | M57: WIP | N57: Mfg | O57: DFT | P57: 301 | Q57: EA | R57: 1.2152996 | S57: 15922 | T57: 247.67556 | U57: 0 | V57: 1.2152996 | W57: 46088 | X57: 46090
A58: =TRIM(B58) -> DETE286G50A | B58: DETE286G50A | C58: N1WB-E00170-DA | D58: P703 BRKT PROT PRTN P/U BOX | E58: FRT | F58: ROW 145B | G58: A | H58: FRD01000 | J58: 703 | K58: MTL | M58: WIP | N58: Mfg | O58: DFT | P58: 552 | Q58: EA | R58: 2.0776179 | S58: 17080 | T58: 265.68889 | U58: 0 | V58: 2.0776179 | W58: 46089 | X58: 46090
A59: =TRIM(B59) -> DETE312A48B | B59: DETE312A48B | C59: N1WB-E312A48-BA | D59: P703 BRKT ASY ASST HNDL MNTG | F59: ROW 152A | G59: A | J59: 703 | K59: MTL | M59: WIP | N59: Mfg | O59: DFT | P59: 959 | Q59: EA | R59: 3.624978 | S59: 17007 | T59: 264.55333 | U59: 0 | V59: 3.624978 | W59: 46090 | X59: 46090
A60: =TRIM(B60) -> DETX67111 | B60: DETX67111 | C60: M2DB-X27831-AB | D60: U725 BELT SHELF INNER LH | F60: MB4/300 ROW 188A | G60: A | H60: FRD01012 | J60: BRN | K60: MTL | M60: WIP | N60: Mfg | O60: DFT | P60: 59 | Q60: EA | R60: 3.9467816 | S60: 961 | T60: 14.948889 | U60: 0 | V60: 3.9467816 | W60: 46090 | X60: 46090
A61: =TRIM(B61) -> DPCBEI82073G00R | B61: DPCBEI82073G00R | C61: DPCBEI82073G00R | D61: T1XX RR 13.4K HTCH STAY BKT RH | F61: DETROIT DOCK | G61: A | H61: MGC01001 | J61: GM | K61: MTL | M61: FGP | N61: Mfg | O61: DFT | P61: 4754 | Q61: EA | R61: 2.7562616 | S61: 110880 | T61: 1724.8 | U61: 0 | V61: 2.7562616 | W61: 46089 | X61: 46090
A62: =TRIM(B62) -> DPCBEI82076G00L | B62: DPCBEI82076G00L | C62: DPCBEI82076G00L | D62: T1XX RR 13.4K HTCH STAY BKT LH | F62: DETROIT DOCK | G62: A | H62: MGC01001 | J62: GM | K62: MTL | M62: FGP | N62: Mfg | O62: DFT | P62: 4089 | Q62: EA | R62: 2.3707096 | S62: 110880 | T62: 1724.8 | U62: 0 | V62: 2.3707096 | W62: 46089 | X62: 46090
A63: =TRIM(B63) -> KB3B 17G750 AE | B63: KB3B 17G750 AE | C63: KB3B-17G750-AE | D63: BRKT FRT BMPR MTNG CTR | F63: ROW 5-8 6318 | G63: A | H63: FRD01000 | J63: RAN | K63: PLA | M63: FGP | N63: Mfg | O63: DFT | P63: 40 | Q63: EA | R63: 3.6014406 | S63: 714 | T63: 11.106667 | U63: 0 | V63: 3.6014406 | W63: 46090 | X63: 46090
A64: =TRIM(B64) -> KB3B 2616G040 AE3ZHE | B64: KB3B 2616G040 AE3ZHE | C64: KB3B-2616G040-AE3ZHE | D64: STWG FRT FLR RR | F64: 23131 | G64: A | H64: FRD01000 | J64: RAN | K64: PLA | M64: FGP | N64: Mfg | O64: DFT | P64: 692 | Q64: EA | R64: 2.6235972 | S64: 16956 | T64: 263.76 | U64: 0 | V64: 2.6235972 | W64: 46089 | X64: 46090
A65: =TRIM(B65) -> KB3B 2616G041 AE3ZHE | B65: KB3B 2616G041 AE3ZHE | C65: KB3B-2616G041-AE3ZHE | D65: STWG FRT FLR RR LH | F65: 23131 | G65: A | H65: FRD01000 | J65: RAN | K65: PLA | M65: FGP | N65: Mfg | O65: DFT | P65: 448 | Q65: EA | R65: 1.6895459 | S65: 17046 | T65: 265.16 | U65: 0 | V65: 1.6895459 | W65: 46088 | X65: 46090
A66: =TRIM(B66) -> KB3B 26243C02 AG | B66: KB3B 26243C02 AG | C66: KB3B-26243C02-AF | D66: GID AIR CRTN CTR BDY PLR | F66: 6529 | G66: A | H66: FRD01000 | J66: RAN | K66: PLA | M66: FGP | N66: Mfg | O66: DFT | P66: 910 | Q66: EA | R66: 3.3274558 | S66: 17581 | T66: 273.48222 | U66: 0 | V66: 3.3274558 | W66: 46090 | X66: 46090
A67: =TRIM(B67) -> KB3B 26403E42 AA | B67: KB3B 26403E42 AA | C67: KB3B-26403E42-AA | D67: BRKT ASY LWR BK PNL CTR | G67: A | H67: FRD01000 | J67: RAN | K67: MTL | M67: FGP | N67: Mfg | O67: DFT | P67: 742 | Q67: EA | R67: 2.5313097 | S67: 18844 | T67: 293.12889 | U67: 0 | V67: 2.5313097 | W67: 46089 | X67: 46090
A68: =TRIM(B68) -> KB3C 2K005 AA | B68: KB3C 2K005 AA | C68: KB3C-2K005-AA | D68: BRK DSC SPLS LH | G68: A | H68: FRD01000 | J68: RAN | K68: MTL | M68: FGP | N68: Mfg | O68: DFT | P68: 1634 | Q68: EA | R68: 1.8424693 | S68: 57012 | T68: 886.85333 | U68: 0 | V68: 1.8424693 | W68: 46088 | X68: 46090
A69: =TRIM(B69) -> KTN1WB 16L559 DB | B69: KTN1WB 16L559 DB | C69: KTN1WB 16L559 DB | D69: P703 REAR SPLA SHIELDS | F69: 34168 | G69: A | H69: FRD01000 | J69: 703 | K69: PLA | M69: FGP | N69: Mfg | O69: DFT | P69: 970 | Q69: EA | R69: 3.9885597 | S69: 15634 | T69: 243.19556 | U69: 0 | V69: 3.9885597 | W69: 46090 | X69: 46090
A70: =TRIM(B70) -> M2DB 17A794 AD | B70: M2DB 17A794 AD | C70: M2DB-17A794-AD | D70: U725 BRKT FRT BMPR MTNG LH | E70: 26605 | F70: ST95/140 26605 | G70: A | H70: FRD01000 | J70: BRN | K70: PLA | M70: FGP | N70: Mfg | O70: DFT | P70: 2143 | Q70: EA | R70: 3.264866 | S70: 42196 | T70: 656.38222 | U70: 0 | V70: 3.264866 | W70: 46090 | X70: 46090
A71: =TRIM(B71) -> M2DB 17E810 CB5YZ9 | B71: M2DB 17E810 CB5YZ9 | C71: M2DB-17E810-CB5YZ9 | D71: U725 CVR FRT BMPR W/BEZEL RH | F71: ST96A/21 ROW 27666 | G71: A | H71: FRD01000 | J71: BRN | K71: PLA | M71: FGP | N71: Mfg | O71: DFT | P71: 265 | Q71: EA | R71: 3.3143413 | S71: 5140 | T71: 79.955556 | U71: 0 | V71: 3.3143413 | W71: 46090 | X71: 46090
A72: =TRIM(B72) -> M2DB 17E811 CB5YZ9 | B72: M2DB 17E811 CB5YZ9 | C72: M2DB-17E811-CB5YZ9 | D72: U725 CVR FRT BMPR W/BEZEL LH | F72: ST96A/21 ROW 27666 | G72: A | H72: FRD01000 | J72: BRN | K72: PLA | M72: FGP | N72: Mfg | O72: DFT | P72: 216 | Q72: EA | R72: 2.5978885 | S72: 5345 | T72: 83.144444 | U72: 0 | V72: 2.5978885 | W72: 46089 | X72: 46090
A73: =TRIM(B73) -> M2DB S200B38 AC | B73: M2DB S200B38 AC | C73: M2DB-S200B38-AC | D73: U725 ROCK RAIL SUPT RR BRKT | F73: ST26/15 | G73: A | H73: FRD01000 | J73: BRN | K73: MTL | M73: FGP | N73: Mfg | O73: DFT | P73: 1090 | Q73: EA | R73: 2.6319885 | S73: 26623 | T73: 414.13556 | U73: 0 | V73: 2.6319885 | W73: 46089 | X73: 46090
A74: =TRIM(B74) -> M2DB S27831 AA | B74: M2DB S27831 AA | C74: M2DB-S27831-AA | D74: U725 BELT ASSEMBLY LH | F74: SMF6/104 ROW 316 | G74: A | H74: FRD01000 | J74: BRN | K74: MTL | M74: FGP | N74: Mfg | O74: DFT | P74: 1782 | Q74: EA | R74: 2.7181024 | S74: 42146 | T74: 655.60444 | U74: 0 | V74: 2.7181024 | W74: 46089 | X74: 46090
A75: =TRIM(B75) -> M2DB S444A18 AA | B75: M2DB S444A18 AA | C75: M2DB-S444A18-AA | D75: U725 BRKT STRT TL/GT | F75: ST26/55 | G75: A | H75: FRD01000 | J75: BRN | K75: MTL | M75: FGP | N75: Mfg | O75: DFT | P75: 1305 | Q75: EA | R75: 1.8764619 | S75: 44708 | T75: 695.45778 | U75: 0 | V75: 1.8764619 | W75: 46088 | X75: 46090
A76: =TRIM(B76) -> M2DB S502D12 AE | B76: M2DB S502D12 AE | C76: M2DB-S502D12-AE | D76: U725 PNL RF RR (HEADER INNER) | E76: LBZ24/84 | F76: ROW 610 | G76: A | H76: FRD01000 | J76: BRN | K76: MTL | M76: FGP | N76: Mfg | O76: DFT | P76: 1092 | Q76: EA | R76: 1.6334698 | S76: 42976 | T76: 668.51556 | U76: 0 | V76: 1.6334698 | W76: 46088 | X76: 46090
A77: =TRIM(B77) -> MB3B 10723 GJ | B77: MB3B 10723 GJ | C77: MB3B 10723 GJ | D77: P703 BATTERY TRAY | G77: A | H77: FRD01012 | J77: 703 | K77: MTL | M77: FGP | N77: Mfg | O77: DFT | P77: 440 | Q77: EA | R77: 1.8913885 | S77: 14955 | T77: 232.63333 | U77: 0 | V77: 1.8913885 | W77: 46088 | X77: 46090
A78: =TRIM(B78) -> MB3B 18A334 AB | B78: MB3B 18A334 AB | C78: MB3B-18A334-AB | D78: U725 BRKT HTR PLNM CHMB LWR | F78: ST39 96 | G78: A | H78: FRD01000 | J78: BRN | K78: MTL | M78: FGP | N78: Mfg | O78: DFT | P78: 991 | Q78: EA | R78: 1.0738124 | S78: 59328 | T78: 922.88 | U78: 0 | V78: 1.0738124 | W78: 46088 | X78: 46090
A79: =TRIM(B79) -> MB3B 2102038 AG | B79: MB3B 2102038 AG | C79: MB3B 2102038 AG | D79: P703 PNL ASY CWL SD IN | G79: A | H79: FRD01000 | J79: 703 | K79: MTL | M79: FGP | N79: Mfg | O79: DFT | P79: 819 | Q79: EA | R79: 2.9981208 | S79: 17561 | T79: 273.17111 | U79: 0 | V79: 2.9981208 | W79: 46089 | X79: 46090
A80: =TRIM(B80) -> MB3B 2102039 AF | B80: MB3B 2102039 AF | C80: MB3B-2102039-AF | D80: P703 PNL ASY CWL SD IN | G80: A | H80: FRD01000 | J80: 703 | K80: MTL | M80: FGP | N80: Mfg | O80: DFT | P80: 864 | Q80: EA | R80: 3.2345013 | S80: 17172 | T80: 267.12 | U80: 0 | V80: 3.2345013 | W80: 46090 | X80: 46090
A81: =TRIM(B81) -> MB3B 21021A40 AE | B81: MB3B 21021A40 AE | C81: MB3B-21021A40-AE | D81: P703 PNL ASY CWL TOP INR RR | F81: DOCK | G81: A | H81: FRD01000 | J81: 703 | K81: MTL | M81: FGP | N81: Mfg | O81: DFT | P81: 363 | Q81: EA | R81: 1.2921215 | S81: 18060 | T81: 280.93333 | U81: 0 | V81: 1.2921215 | W81: 46088 | X81: 46090
A82: =TRIM(B82) -> MB3B 2610020 AB | B82: MB3B 2610020 AB | C82: MB3B 2610020 AB | D82: P703 FLR ASY RR | E82: FLOOR ASSEMBLY | F82: ALERT# A14772786 | G82: A | H82: FRD01000 | J82: 703 | K82: MTL | M82: FGP | N82: Mfg | O82: DFT | P82: 402 | Q82: EA | R82: 1.478932 | S82: 17474 | T82: 271.81778 | U82: 0 | V82: 1.478932 | W82: 46088 | X82: 46090
A83: =TRIM(B83) -> MB3B 2610110 DD | B83: MB3B 2610110 DD | C83: MB3B-2610110-DD | D83: P703 MBR ASY FLR SD INR FRT | G83: A | H83: FRD01000 | J83: 703 | K83: MTL | M83: FGP | N83: Mfg | O83: DFT | P83: 497 | Q83: EA | R83: 1.8232139 | S83: 17524 | T83: 272.59556 | U83: 0 | V83: 1.8232139 | W83: 46088 | X83: 46090
A84: =TRIM(B84) -> MB3B 2610111 DC | B84: MB3B 2610111 DC | C84: MB3B-2610111-DC | D84: P703 MBR ASY FLR SD INR FRT LH | G84: A | H84: FRD01000 | J84: 703 | K84: MTL | M84: FGP | N84: Mfg | O84: DFT | P84: 659 | Q84: EA | R84: 2.4099372 | S84: 17579 | T84: 273.45111 | U84: 0 | V84: 2.4099372 | W84: 46089 | X84: 46090
A85: =TRIM(B85) -> MB3B 58017B56 BB | B85: MB3B 58017B56 BB | C85: MB3B-58017B56-BB | D85: P703 BRKT ASSY PANEL DASH | G85: A | H85: FRD01000 | J85: 703 | K85: MTL | M85: FGP | N85: Mfg | O85: DFT | P85: 758 | Q85: EA | R85: 3.2227891 | S85: 15120 | T85: 235.2 | U85: 0 | V85: 3.2227891 | W85: 46090 | X85: 46090
A86: =TRIM(B86) -> MB3B 5810692 AD | B86: MB3B 5810692 AD | C86: MB3B 5810692 AD | D86: P703/U725 MBR ASY FRT FLR CS | G86: A | H86: FRD01000 | J86: 703 | K86: MTL | M86: FGP | N86: Mfg | O86: DFT | P86: 2237 | Q86: EA | R86: 2.3102291 | S86: 62248 | T86: 968.30222 | U86: 0 | V86: 2.3102291 | W86: 46089 | X86: 46090
A87: =TRIM(B87) -> MB3B 5810693 AD | B87: MB3B 5810693 AD | C87: MB3B 5810693 AD | D87: P703/U725 MBR ASY FRT FLR CS | G87: A | H87: FRD01000 | J87: 703 | K87: MTL | M87: FGP | N87: Mfg | O87: DFT | P87: 2720 | Q87: EA | R87: 2.803276 | S87: 62376 | T87: 970.29333 | U87: 0 | V87: 2.803276 | W87: 46089 | X87: 46090
A88: =TRIM(B88) -> MB3B 5810698 AE | B88: MB3B 5810698 AE | C88: MB3B 5810698 AE | D88: P703 MBR ASY FRT FLR CS#3 | G88: A | H88: FRD01000 | J88: 703 | K88: MTL | M88: FGP | N88: Mfg | O88: DFT | P88: 1750 | Q88: EA | R88: 1.8172713 | S88: 61906 | T88: 962.98222 | U88: 0 | V88: 1.8172713 | W88: 46088 | X88: 46090
A89: =TRIM(B89) -> MB3B 5810699 BA | B89: MB3B 5810699 BA | C89: MB3B 5810699 BA | D89: P703 CROSS MEMBER #3 LH | G89: A | H89: FRD01000 | J89: 703 | K89: MTL | M89: FGP | N89: Mfg | O89: DFT | P89: 2080 | Q89: EA | R89: 2.1554305 | S89: 62036 | T89: 965.00444 | U89: 0 | V89: 2.1554305 | W89: 46089 | X89: 46090
A90: =TRIM(B90) -> MB3B 58111K48 CB | B90: MB3B 58111K48 CB | C90: MB3B-58111K48-CB | D90: U725 REINF TUNNEL ASSEMBLY | F90: LB371/42 ROW ROW238A/B | G90: A | H90: FRD01000 | J90: BRN | K90: MTL | M90: FGP | N90: Mfg | O90: DFT | P90: 2929 | Q90: EA | R90: 3.0151944 | S90: 62448 | T90: 971.41333 | U90: 0 | V90: 3.0151944 | W90: 46090 | X90: 46090
A91: =TRIM(B91) -> MB3C 5B852 AC | B91: MB3C 5B852 AC | C91: MB3C-5B852-AC | D91: U725 SHLD LNK RR SUSP | F91: ST39/80 ROW 651 | G91: A | H91: FRD01000 | J91: BRN | K91: MTL | M91: FGP | N91: Mfg | O91: DFT | P91: 1600 | Q91: EA | R91: 2.5023633 | S91: 41104 | T91: 639.39556 | U91: 0 | V91: 2.5023633 | W91: 46089 | X91: 46090
A92: =TRIM(B92) -> MB3C 7P026 AC | B92: MB3C 7P026 AC | C92: MB3C-7P026-AC | D92: U725 BAR TRANS SKD | F92: ST39/12 | G92: A | H92: FRD01000 | J92: BRN | K92: MTL | M92: FGP | N92: Mfg | O92: DFT | P92: 1260 | Q92: EA | R92: 3.6611824 | S92: 22124 | T92: 344.15111 | U92: 0 | V92: 3.6611824 | W92: 46090 | X92: 46090
A93: =TRIM(B93) -> MLD16E166ABPIA05 | B93: MLD16E166ABPIA05 | C93: MLD16E166APIA05 | D93: DRIVE VANES LH | F93: 27220 | G93: A | J93: BRN | K93: PLA | M93: WIP | N93: Mfg | O93: DFT | P93: 891 | Q93: EA | R93: 1.2670568 | S93: 45206 | T93: 703.20444 | U93: 0 | V93: 1.2670568 | W93: 46088 | X93: 46090
A94: =TRIM(B94) -> MLD16E166ABPIA06 | B94: MLD16E166ABPIA06 | C94: MLD16E166APIA06 | D94: DRIVE VANES RH | F94: 27220 | G94: A | J94: BRN | K94: PLA | M94: WIP | N94: Mfg | O94: DFT | P94: 1758 | Q94: EA | R94: 2.4999842 | S94: 45206 | T94: 703.20444 | U94: 0 | V94: 2.4999842 | W94: 46089 | X94: 46090
A95: =TRIM(B95) -> MLD16E166APIA01 | B95: MLD16E166APIA01 | C95: MLD16E166APIA01 | D95: GOR/AGS, CARRIER | E95: 27217 | F95: ROW 139/140,157/158 | G95: A | J95: BRN | K95: PLA | M95: WIP | N95: Mfg | O95: DFT | P95: 739 | Q95: EA | R95: 1.0509035 | S95: 45206 | T95: 703.20444 | U95: 0 | V95: 1.0509035 | W95: 46088 | X95: 46090
A96: =TRIM(B96) -> MLD16E166APIA10 | B96: MLD16E166APIA10 | C96: MLD16E166APIA10 | D96: REAR SEAL AGS | E96: 27222 | F96: ROW 137/138,159/160 | G96: A | J96: BRN | K96: PLA | M96: WIP | N96: Mfg | O96: DFT | P96: 1712 | Q96: EA | R96: 2.438237 | S96: 45138 | T96: 702.14667 | U96: 0 | V96: 2.438237 | W96: 46089 | X96: 46090
A97: =TRIM(B97) -> MLD16L558F | B97: MLD16L558F | C97: N1WB-16L558-F | D97: P703 RR WHL SPLAS SHLD RH RAPT | E97: CONTAINER/QTY ROWXXX | F97: 34169 | G97: A | J97: 703 | K97: PLA | M97: WIP | N97: Mfg | O97: DFT | P97: 33 | Q97: EA | R97: 1.157985 | S97: 1832 | T97: 28.497778 | U97: 0 | V97: 1.157985 | W97: 46088 | X97: 46090
A98: =TRIM(B98) -> MLD16L559F | B98: MLD16L559F | C98: N1WB-16L559-F | D98: P703 RR WHL SPLAS SHLD LH RAPT | E98: CONTAINER/QTY ROWXXX | F98: 34169 | G98: A | J98: 703 | K98: PLA | M98: WIP | N98: Mfg | O98: DFT | P98: 47 | Q98: EA | R98: 1.6270482 | S98: 1857 | T98: 28.886667 | U98: 0 | V98: 1.6270482 | W98: 46088 | X98: 46090
A99: =TRIM(B99) -> MLD16L560F | B99: MLD16L560F | C99: N1WB-16L560-F | D99: P703 RWHL SPL SHLD RH FRT RAPT | E99: CONTAINER/QTY ROWXXX | F99: 34169 | G99: A | J99: 703 | K99: PLA | M99: WIP | N99: Mfg | O99: DFT | P99: 63 | Q99: EA | R99: 2.2058824 | S99: 1836 | T99: 28.56 | U99: 0 | V99: 2.2058824 | W99: 46089 | X99: 46090
A100: =TRIM(B100) -> MLD16L561F | B100: MLD16L561F | C100: N1WB-16L561-F | D100: P703 RWHL SPL SHLD LH FRT RAPT | E100: CONTAINER/QTY ROWXXX | F100: 34169 | G100: A | J100: 703 | K100: PLA | M100: WIP | N100: Mfg | O100: DFT | P100: 77 | Q100: EA | R100: 2.6684636 | S100: 1855 | T100: 28.855556 | U100: 0 | V100: 2.6684636 | W100: 46089 | X100: 46090
...

Sheet Sheet5
A1: Ship History for Mar 5, 2026 - FDDAT
A2: Cust Part# | B2: Internal Part# | C2: Part Desc | D2: ShipTo Cust# | E2: ShipTo Customer | F2: 2026-03-05
A3: 84533246 | B3: 84533246 | C3: T1XX PNL PUBX W/H FRT RH | D3: GMC01030 | E3: GM FLINT ASSEMBLY | F3: 90
D4: GMC01110 | E4: GM OSHAWA ASSEMBLY | F4: 270
A5: DET850109BU0A10N00L | B5: DET850109BU0A10N00L | C5: H61P RR OTR BRC FRMD L-ROW 259 | D5: XFNGXCEL | E5: X-CEL INDUSTRIES | F5: 3366
A6: N1WB E23943 UF3ZHE | B6: N1WB E23943 UF3ZHE | C6: P703 DOOR FRT DBL LH | D6: FRD01HRN | E6: FORD/HEARN INDUSTRIAL SERVICE | F6: 16
A7: 85058020 | B7: 85058020 | C7: BT1CC C-PILLAR UPR RH VALUE | D7: GMC01010 | E7: GM FACTORY ZERO | F7: 72
A8: MB3B 21016A23 AA | B8: MB3B 21016A23 AA | C8: P703 REINF D/PNL LH INR | D8: FRD01013 | E8: FORD MOTOR COMPANY MS0BA | F8: 560
A9: 68566341AB | B9: 68566341AB | C9: DT MCA CENTER BRACKET | D9: XFNGSHB1 | E9: FLEX N GATE SHELBY LLC | F9: 1044
A10: MB3B 5810699 BA | B10: MB3B 5810699 BA | C10: P703 CROSS MEMBER #3 LH | D10: FRD01015 | E10: FORD MOTOR COMPANY AP02A | F10: 650
A11: P1WB E280A54 BB | B11: P1WB E280A54 BB | C11: P703 PNL ASY BDY SD INR RH | D11: FRD01013 | E11: FORD MOTOR COMPANY MS0BA | F11: 270
A12: N1WB E27407 CL3ZHE | B12: N1WB E27407 CL3ZHE | C12: P703 DOOR REAR DBL LH | D12: FRD01HRN | E12: FORD/HEARN INDUSTRIAL SERVICE | F12: 16
A13: N1WB E106B46 AD | B13: N1WB E106B46 AD | C13: P703 SL ASY RR FLR CS FRT | D13: FRD01015 | E13: FORD MOTOR COMPANY AP02A | F13: 360
A14: N1WB E24397 CA31NB | B14: N1WB E24397 CA31NB | C14: P703 B PILLAR LH | D14: FRD01012 | E14: FORD MOTOR COMPANY AP02A | F14: 96
A15: MB3B 58016B28 AA | B15: MB3B 58016B28 AA | C15: U725 REINF D/PNL BRK MSTR CYL | D15: FRD01013 | E15: FORD MOTOR COMPANY MS0BA | F15: 3600
A16: N1WB E23942 BK1G1E | B16: N1WB E23942 BK1G1E | C16: P703 DOOR FRT DBL RH | D16: FRD01HRN | E16: FORD/HEARN INDUSTRIAL SERVICE | F16: 2
... A73: 84643220 | B73: 84643220 | C73: T1XX PNL PUBX W/H RR LH | D73: GMC01030 | E73: GM FLINT ASSEMBLY | F73: 270
D74: GMC01110 | E74: GM OSHAWA ASSEMBLY | F74: 270
A75: N1WB 17D568 EF3JA6 | B75: N1WB 17D568 EF3JA6 | C75: P703 RAIN SENSOR COVER | D75: FRD01012 | E75: FORD MOTOR COMPANY AP02A | F75: 240
A76: 84533245 | B76: 84533245 | C76: T1XX PNL PUBX W/H FRT LH | D76: GMC01110 | E76: GM OSHAWA ASSEMBLY | F76: 270
D77: GMC01030 | E77: GM FLINT ASSEMBLY | F77: 180
A78: DET850109BU0A07N00R | B78: DET850109BU0A07N00R | C78: H61P RR TOP PLT FD RH-ROW 256 | D78: XFNGXCEL | E78: X-CEL INDUSTRIES | F78: 3000
A79: N1WB E20171 AA | B79: N1WB E20171 AA | C79: P703 REINF DR RR FR | D79: FRD01013 | E79: FORD MOTOR COMPANY MS0BA | F79: 860
A80: MB3B 2610020 AB | B80: MB3B 2610020 AB | C80: P703 FLR ASY RR | D80: FRD01015 | E80: FORD MOTOR COMPANY AP02A | F80: 242
A81: R1WB E41018 CA | B81: R1WB E41018 CA | C81: P703 TAILGATE ASSY | D81: FRD01012 | E81: FORD MOTOR COMPANY AP02A | F81: 500
A82: MB3B 5801710 AA | B82: MB3B 5801710 AA | C82: U725 REINF DH SD PNL | D82: FRD01013 | E82: FORD MOTOR COMPANY MS0BA | F82: 3600
A83: T2DJ 16E166 AA | B83: T2DJ 16E166 AA | C83: U725 AGS 60TH ANNIVERSARY | D83: FRD01012 | E83: FORD MOTOR COMPANY AP02A | F83: 36
A84: 85746601 | B84: 85746601 | C84: BT1CC B-PILLAR UPPER RH | D84: GMC01010 | E84: GM FACTORY ZERO | F84: 48
A85: R1WB E291A34 MAA | B85: R1WB E291A34 MAA | C85: P703 BOX TOP RH | D85: FRD01012 | E85: FORD MOTOR COMPANY AP02A | F85: 480
A86: N1WB E31006 EB3ZHE | B86: N1WB E31006 EB3ZHE | C86: P703 PNL BDY SD RR CNR TR | D86: FRD01012 | E86: FORD MOTOR COMPANY AP02A | F86: 264
A87: 87868129 | B87: 87868129 | C87: BT1CC WT 40% DIVIDER W/O SUB | D87: GMC01010 | E87: GM FACTORY ZERO | F87: 66
A88: N1WB E24396 CA31NB | B88: N1WB E24396 CA31NB | C88: P703 B PILLAR RH | D88: FRD01012 | E88: FORD MOTOR COMPANY AP02A | F88: 192
A89: 85701332 | B89: 85701332 | C89: BT1CC C-PLR UPR RH RST/ REFINE | D89: GMC01010 | E89: GM FACTORY ZERO | F89: 24
... A157: N1WB E20170 AA | B157: N1WB E20170 AA | C157: P703 REINF DR RR FR | D157: FRD01013 | E157: FORD MOTOR COMPANY MS0BA | F157: 860
